time,8508a_volt
1721407344.795504,4e-07
1721407369.9130704,2e-07
1721407395.0306144,5e-07
1721407420.1481903,3e-07
1721407445.2657487,2e-07
1721407470.3841372,6e-07
1721407495.5007925,3e-07
1721407520.6183002,4e-07
1721407545.7358453,3e-07
1721407570.8532646,4e-07
1721407595.9707305,3e-07
1721407621.0882447,4e-07
1721407646.2056239,1e-07
1721407671.3231018,6e-07
1721407696.440462,3e-07
1721407721.5578856,6e-07
1721407746.6752434,4e-07
1721407771.7926297,4e-07
1721407796.9100344,3e-07
1721407822.0274289,5e-07
1721407847.1447933,5e-07
1721407872.2621279,5e-07
1721407897.3794975,1e-07
1721407922.4968004,5e-07
1721407947.6141107,4e-07
1721407972.731439,4e-07
1721407997.8487477,4e-07
1721408022.9660563,1e-07
1721408048.083376,3e-07
1721408073.200706,6e-07
1721408098.3179789,3e-07
1721408123.4352577,4e-07
1721408148.552538,4e-07
1721408173.6698413,5e-07
1721408198.7871072,5e-07
1721408223.9044037,5e-07
1721408249.0216587,5e-07
1721408274.1389327,5e-07
1721408299.2561922,4e-07
1721408324.3734713,4e-07
1721408349.4907525,4e-07
1721408374.608022,3e-07
1721408399.725196,5e-07
1721408424.842476,4e-07
1721408449.959755,4e-07
1721408475.0769641,4e-07
1721408500.1941967,4e-07
1721408525.3115027,4e-07
1721408550.4287317,1e-07
1721408575.5459466,7e-07
1721408600.6631575,5e-07
1721408625.7803805,4e-07
1721408650.8976388,3e-07
1721408676.014855,6e-07
1721408701.131932,2e-07
1721408726.2493048,4e-07
1721408751.3665402,4e-07
1721408776.484157,5e-07
1721408801.6010153,4e-07
1721408826.7182305,4e-07
1721408851.835511,5e-07
1721408876.9526453,5e-07
1721408902.0698822,3e-07
1721408927.1870594,7e-07
1721408952.304311,6e-07
1721408977.4215207,6e-07
1721409002.5387604,6e-07
1721409027.6559684,4e-07
1721409052.7731917,1e-07
1721409077.8903549,4e-07
1721409103.007637,5e-07
1721409128.124699,6e-07
1721409153.241038,7e-07
1721409178.3574822,7e-07
1721409203.4739075,5e-07
1721409228.5903764,5e-07
1721409253.7068746,5e-07
1721409278.8234155,7e-07
1721409303.9400332,3e-07
1721409329.056563,3e-07
1721409354.1731622,6e-07
1721409379.2901707,4e-07
1721409404.4064238,4e-07
1721409429.5231173,5e-07
1721409454.639851,6e-07
1721409479.7565138,6e-07
1721409504.8732347,7e-07
1721409529.989986,5e-07
1721409555.10675,5e-07
1721409580.2236083,5e-07
1721409605.3403327,4e-07
1721409630.45724,4e-07
1721409655.573973,4e-07
1721409680.6908152,7e-07
1721409705.807765,6e-07
1721409730.9245512,6e-07
1721409756.0414174,5e-07
1721409781.1582386,5e-07
1721409806.2752333,4e-07
1721409831.3921554,7e-07
1721409856.509051,6e-07
1721409881.6259694,5e-07
1721409906.7429142,5e-07
1721409931.8598704,7e-07
1721409956.9767976,6e-07
1721409982.0941124,4e-07
1721410007.2107809,8e-07
1721410032.3277152,3e-07
1721410057.4446478,7e-07
1721410082.5616446,3e-07
1721410107.6786375,6e-07
1721410132.7957153,8e-07
1721410157.9125996,4e-07
1721410183.0296261,4e-07
1721410208.1466248,7e-07
1721410233.2637208,6e-07
1721410258.3806636,5e-07
1721410283.497726,6e-07
1721410308.6147423,5e-07
1721410333.7318187,7e-07
1721410358.8487945,6e-07
1721410383.9658105,7e-07
1721410409.0828383,5e-07
1721410434.1999464,5e-07
1721410459.3169234,7e-07
1721410484.433986,7e-07
1721410509.551029,4e-07
1721410534.668085,7e-07
1721410559.7851236,5e-07
1721410584.9022126,6e-07
1721410610.0192728,6e-07
1721410635.13634,5e-07
1721410660.2533922,6e-07
1721410685.3704581,5e-07
1721410710.4876215,9e-07
1721410735.6046133,6e-07
1721410760.7216983,5e-07
1721410785.838763,5e-07
1721410810.9559054,6e-07
1721410836.0728965,5e-07
1721410861.1898339,8e-07
1721410886.307504,4e-07
1721410911.424143,6e-07
1721410936.5412192,6e-07
1721410961.6582844,7e-07
1721410986.775392,6e-07
1721411011.8924408,4e-07
1721411037.0095959,9e-07
1721411062.126628,3e-07
1721411087.2437518,8e-07
1721411112.3607826,5e-07
1721411137.4779103,8e-07
1721411162.5949957,7e-07
1721411187.712596,6e-07
1721411212.8305817,9e-07
1721411237.9484951,5e-07
1721411263.0664308,7e-07
1721411288.1843157,7e-07
1721411313.3021164,6e-07
1721411338.4199226,6e-07
1721411363.5376213,7e-07
1721411388.6553714,4e-07
1721411413.7731125,5e-07
1721411438.8907988,7e-07
1721411464.0084915,8e-07
1721411489.1261017,7e-07
1721411514.2437856,4e-07
1721411539.3613486,7e-07
1721411564.478948,9e-07
1721411589.596524,5e-07
1721411614.714076,8e-07
1721411639.831645,5e-07
1721411664.9490943,7e-07
1721411690.066624,6e-07
1721411715.1840875,7e-07
1721411740.301583,6e-07
1721411765.4190583,7e-07
1721411790.536523,6e-07
1721411815.6544511,6e-07
1721411840.7713728,6e-07
1721411865.8887823,6e-07
1721411891.0061598,7e-07
1721411916.1236136,6e-07
1721411941.2409768,6e-07
1721411966.35834,6e-07
1721411991.4757612,6e-07
1721412016.5930715,6e-07
1721412041.7104104,7e-07
1721412066.8277965,7e-07
1721412091.9451494,6e-07
1721412117.0624683,8e-07
1721412142.1798246,6e-07
1721412167.2970734,7e-07
1721412192.4144473,6e-07
1721412217.5317812,8e-07
1721412242.6490443,9e-07
1721412267.7663627,7e-07
1721412292.883721,8e-07
1721412318.000961,6e-07
1721412343.1182137,7e-07
1721412368.235543,9e-07
1721412393.3527792,5e-07
1721412418.470054,8e-07
1721412443.5873358,6e-07
1721412468.7045956,9e-07
1721412493.8215184,7e-07
1721412518.9391437,8e-07
1721412544.0563676,7e-07
1721412569.1736262,8e-07
1721412594.2908726,6e-07
1721412619.4082665,8e-07
1721412644.5253613,7e-07
1721412669.6427085,6e-07
1721412694.7599118,7e-07
1721412719.8771017,7e-07
1721412744.994739,8e-07
1721412770.1117132,6e-07
1721412795.228881,6e-07
1721412820.3460581,7e-07
1721412845.4633226,9e-07
1721412870.5805693,9e-07
1721412895.6977801,6e-07
1721412920.8150132,9e-07
1721412945.9322572,6e-07
1721412971.0494869,8e-07
1721412996.166727,9e-07
1721413021.2840164,8e-07
1721413046.401205,8e-07
1721413071.5184112,1e-06
1721413096.6356347,7e-07
1721413121.7528312,9e-07
1721413146.8700488,7e-07
1721413171.9872532,7e-07
1721413197.1044734,7e-07
1721413222.221713,7e-07
1721413247.3389497,7e-07
1721413272.4561148,1e-06
1721413297.57319,7e-07
1721413322.6903267,9e-07
1721413347.8075042,7e-07
1721413372.9246676,8e-07
1721413398.041826,6e-07
1721413423.1589668,7e-07
1721413448.2761517,6e-07
1721413473.3933282,9e-07
1721413498.5104766,7e-07
1721413523.6277125,1.1e-06
1721413548.7448251,9e-07
1721413573.8619874,7e-07
1721413598.9791677,9e-07
1721413624.0963302,7e-07
1721413649.213495,7e-07
1721413674.3306913,9e-07
1721413699.447857,7e-07
1721413724.5650105,1e-06
1721413749.6822274,8e-07
1721413774.799406,9e-07
1721413799.9165797,8e-07
1721413825.0337093,9e-07
1721413850.150882,9e-07
1721413875.2680504,8e-07
1721413900.3851907,7e-07
1721413925.5023897,9e-07
1721413950.6199234,8e-07
1721413975.7367065,1e-06
1721414000.8538818,7e-07
1721414025.9710572,1e-06
1721414051.0882266,1e-06
1721414076.2054062,7e-07
1721414101.3225992,9e-07
1721414126.4398055,9e-07
1721414151.5569165,1e-06
1721414176.6741068,9e-07
1721414201.7913,9e-07
1721414226.9085069,9e-07
1721414252.0256615,9e-07
1721414277.1427834,7e-07
1721414302.2600062,8e-07
1721414327.3771725,9e-07
1721414352.494329,1e-06
1721414377.611551,8e-07
1721414402.7286837,9e-07
1721414427.8458278,9e-07
1721414452.9629638,1.1e-06
1721414478.0801842,9e-07
1721414503.197386,1e-06
1721414528.3145392,9e-07
1721414553.4317386,9e-07
1721414578.5489068,8e-07
1721414603.6660764,8e-07
1721414628.783233,1e-06
1721414653.900403,1e-06
1721414679.0176227,7e-07
1721414704.1347997,1.1e-06
1721414729.2519946,1e-06
1721414754.369131,8e-07
1721414779.4862795,1e-06
1721414804.603507,9e-07
1721414829.720604,1.1e-06
1721414854.8382301,8e-07
1721414879.9549792,1e-06
1721414905.072161,1e-06
1721414930.1893358,1.1e-06
1721414955.3065376,9e-07
1721414980.4237776,1e-06
1721415005.540901,9e-07
1721415030.658062,9e-07
1721415055.7752435,9e-07
1721415080.8923943,1e-06
1721415106.0095325,1.1e-06
1721415131.1267815,9e-07
1721415156.2440038,9e-07
1721415181.3610985,1.1e-06
1721415206.4782817,9e-07
1721415231.5954275,1.1e-06
1721415256.712645,7e-07
1721415281.8297849,1.1e-06
1721415306.9469917,1e-06
1721415332.064168,9e-07
1721415357.1813285,1e-06
1721415382.2984824,1.1e-06
1721415407.415744,1e-06
1721415432.5328364,1.1e-06
1721415457.650062,8e-07
1721415482.7672174,1e-06
1721415507.884415,9e-07
1721415533.0019739,9e-07
1721415558.1187632,1e-06
1721415583.2359993,9e-07
1721415608.3531244,1e-06
1721415633.4703252,9e-07
1721415658.5875618,8e-07
1721415683.7046285,9e-07
1721415708.8218186,9e-07
1721415733.9390085,9e-07
1721415759.0561712,8e-07
1721415784.1733572,9e-07
1721415809.2905366,1.2e-06
1721415834.4078257,7e-07
1721415859.524889,9e-07
1721415884.6420314,1e-06
1721415909.7592547,8e-07
1721415934.8763838,1e-06
1721415959.993599,9e-07
1721415985.1107457,1e-06
1721416010.2279584,1.1e-06
1721416035.3451376,8e-07
1721416060.4622881,1e-06
1721416085.5795517,7e-07
1721416110.6966865,9e-07
1721416135.813816,9e-07
1721416160.93096,1.1e-06
1721416186.0481496,1.1e-06
1721416211.165355,8e-07
1721416236.2825313,9e-07
1721416261.3997643,9e-07
1721416286.5168867,9e-07
1721416311.633964,8e-07
1721416336.7509754,9e-07
1721416361.868046,9e-07
1721416386.9850233,1e-06
1721416412.10207,7e-07
1721416437.2191215,1e-06
1721416462.3362043,7e-07
1721416487.4532588,9e-07
1721416512.5703285,9e-07
1721416537.6874342,5e-07
1721416562.8045182,8e-07
1721416587.921549,9e-07
1721416613.0386112,1e-06
1721416638.1557407,1e-06
1721416663.2727811,1e-06
1721416688.3898885,9e-07
1721416713.506962,5e-07
1721416738.6241064,8e-07
1721416763.741184,9e-07
1721416788.858258,7e-07
1721416813.9753828,9e-07
1721416839.092499,8e-07
1721416864.2096202,8e-07
1721416889.3266897,1e-06
1721416914.4439085,8e-07
1721416939.5609322,9e-07
1721416964.6780791,8e-07
1721416989.7951674,1e-06
1721417014.912322,6e-07
1721417040.0294309,1e-06
1721417065.1465383,9e-07
1721417090.2637517,8e-07
1721417115.380819,9e-07
1721417140.4979239,8e-07
1721417165.6150522,6e-07
1721417190.732132,7e-07
1721417215.8492763,7e-07
1721417240.966433,7e-07
1721417266.0836027,7e-07
1721417291.2007027,1e-06
1721417316.3178277,4e-07
1721417341.4349873,9e-07
1721417366.5521307,8e-07
1721417391.6692584,5e-07
1721417416.7863877,7e-07
1721417441.90359,8e-07
1721417467.0207307,6e-07
1721417492.1378393,1e-06
1721417517.2549744,6e-07
1721417542.3721075,8e-07
1721417567.4892464,6e-07
1721417592.6063945,9e-07
1721417617.7236004,6e-07
1721417642.8406885,6e-07
1721417667.9577966,7e-07
1721417693.0749493,7e-07
1721417718.1920974,5e-07
1721417743.3092535,6e-07
1721417768.4263883,7e-07
1721417793.5435636,7e-07
1721417818.6607034,8e-07
1721417843.777814,7e-07
1721417868.8949747,7e-07
1721417894.0121353,6e-07
1721417919.129345,9e-07
1721417944.2464855,6e-07
1721417969.3637028,8e-07
1721417994.4807234,7e-07
1721418019.597871,3e-07
1721418044.7150137,7e-07
1721418069.8321586,6e-07
1721418094.9493258,6e-07
1721418120.0664623,8e-07
1721418145.1836843,6e-07
1721418170.3007812,6e-07
1721418195.417917,6e-07
1721418220.5350642,7e-07
1721418245.6522431,6e-07
1721418270.7693427,5e-07
1721418295.8864846,7e-07
1721418321.0036988,4e-07
1721418346.1208136,7e-07
1721418371.2380297,5e-07
1721418396.3552425,3e-07
1721418421.472461,8e-07
1721418446.5896125,6e-07
1721418471.706783,6e-07
1721418496.824015,6e-07
1721418521.9411252,7e-07
1721418547.0583508,6e-07
1721418572.1756017,6e-07
1721418597.2926705,4e-07
1721418622.409857,7e-07
1721418647.527039,7e-07
1721418672.6442404,5e-07
1721418697.7614021,6e-07
1721418722.878568,4e-07
1721418747.995789,7e-07
1721418773.1129117,7e-07
1721418798.2300847,7e-07
1721418823.3473039,4e-07
1721418848.4649723,6e-07
1721418873.581671,6e-07
1721418898.6987793,5e-07
1721418923.816003,4e-07
1721418948.933096,4e-07
1721418974.0503476,6e-07
1721418999.1675193,8e-07
1721419024.28467,6e-07
1721419049.4017959,5e-07
1721419074.518958,5e-07
1721419099.636146,5e-07
1721419124.7532964,7e-07
1721419149.8704822,5e-07
1721419174.9877212,6e-07
1721419200.1047997,5e-07
1721419225.2219715,5e-07
1721419250.339112,4e-07
1721419275.456324,6e-07
1721419300.57352,6e-07
1721419325.6906846,5e-07
1721419350.8078313,5e-07
1721419375.9249494,4e-07
1721419401.0421374,5e-07
1721419426.1592686,7e-07
1721419451.2768712,6e-07
1721419476.3936145,3e-07
1721419501.5108004,6e-07
1721419526.6279871,6e-07
1721419551.7451074,2e-07
1721419576.8622868,6e-07
1721419601.9793985,4e-07
1721419627.0965776,4e-07
1721419652.2137432,6e-07
1721419677.33089,3e-07
1721419702.448069,3e-07
1721419727.56524,6e-07
1721419752.682418,3e-07
1721419777.7997854,7e-07
1721419802.9167554,2e-07
1721419828.033886,6e-07
1721419853.1510222,3e-07
1721419878.2682016,5e-07
1721419903.3853319,4e-07
1721419928.502505,3e-07
1721419953.6197062,5e-07
1721419978.736842,5e-07
1721420003.8539906,3e-07
1721420028.9711702,4e-07
1721420054.0883095,4e-07
1721420079.2054727,1e-07
1721420104.3226488,5e-07
1721420129.4398618,3e-07
1721420154.556949,4e-07
1721420179.674131,4e-07
1721420204.7913015,5e-07
1721420229.90847,2e-07
1721420255.025623,4e-07
1721420280.1427445,4e-07
1721420305.2599695,6e-07
1721420330.3770635,4e-07
1721420355.494211,1e-07
1721420380.6113873,4e-07
1721420405.72854,3e-07
1721420430.8456292,4e-07
1721420455.962734,5e-07
1721420481.0798924,3e-07
1721420506.1969612,3e-07
1721420531.3140566,4e-07
1721420556.4312582,4e-07
1721420581.548327,4e-07
1721420606.6654267,2e-07
1721420631.7825472,4e-07
1721420656.900036,3e-07
1721420682.0168545,3e-07
1721420707.1340084,6e-07
1721420732.251067,3e-07
1721420757.3681877,2e-07
1721420782.485328,3e-07
1721420807.6024437,4e-07
1721420832.7196636,4e-07
1721420857.8367298,3e-07
1721420882.9538782,6e-07
1721420908.0710032,3e-07
1721420933.1881356,3e-07
1721420958.3052974,1e-07
1721420983.4224193,2e-07
1721421008.5396118,4e-07
1721421033.6567054,2e-07
1721421058.7738495,4e-07
1721421083.8910134,5e-07
1721421109.008147,2e-07
1721421134.1253004,4e-07
1721421159.2424862,0.0
1721421184.3596916,6e-07
1721421209.4767356,3e-07
1721421234.5938933,2e-07
1721421259.7115815,2e-07
1721421284.8281627,4e-07
1721421309.945318,1e-07
1721421335.062462,4e-07
1721421360.179667,3e-07
1721421385.2968009,3e-07
1721421410.4139192,1e-07
1721421435.5310838,3e-07
1721421460.648226,1e-07
1721421485.7653985,3e-07
1721421510.8825378,3e-07
1721421535.999729,2e-07
1721421561.1168358,4e-07
1721421586.233985,2e-07
1721421611.3511763,2e-07
1721421636.4684205,2e-07
1721421661.5854855,3e-07
1721421686.702594,2e-07
1721421711.8197916,2e-07
1721421736.9369104,2e-07
1721421762.0540693,3e-07
1721421787.1712043,4e-07
1721421812.2883725,3e-07
1721421837.4055145,2e-07
1721421862.522673,1e-07
1721421887.6399107,2e-07
1721421912.7569892,4e-07
1721421937.8741467,3e-07
1721421962.9912975,2e-07
1721421988.1084664,-0.0
1721422013.2255924,1e-07
1721422038.3427677,2e-07
1721422063.4599588,2e-07
1721422088.577093,1e-07
1721422113.6943247,3e-07
1721422138.8114235,1e-07
1721422163.9285312,1e-07
1721422189.0456865,1e-07
1721422214.162836,4e-07
1721422239.280022,3e-07
1721422264.3972025,3e-07
1721422289.514351,-0.0
1721422314.6315522,4e-07
1721422339.7486517,4e-07
1721422364.8657992,1e-07
1721422389.9829578,1e-07
1721422415.1001525,0.0
1721422440.2173266,5e-07
1721422465.3344417,3e-07
1721422490.4516742,0.0
1721422515.5687606,1e-07
1721422540.6858938,3e-07
1721422565.8030992,0.0
1721422590.920274,1e-07
1721422616.0374236,3e-07
1721422641.1545384,3e-07
1721422666.2717268,1e-07
1721422691.3888543,1e-07
1721422716.5060213,0.0
1721422741.6231754,3e-07
1721422766.7403376,3e-07
1721422791.8574846,2e-07
1721422816.9746487,1e-07
1721422842.0918415,4e-07
1721422867.2089477,1e-07
1721422892.3261268,3e-07
1721422917.4432597,-1e-07
1721422942.560463,3e-07
1721422967.6775703,1e-07
1721422992.79475,4e-07
1721423017.9119437,4e-07
1721423043.029108,-1e-07
1721423068.146245,2e-07
1721423093.2633846,1e-07
1721423118.3805304,4e-07
1721423143.4977434,0.0
1721423168.61488,3e-07
1721423193.7320323,2e-07
1721423218.8491716,2e-07
1721423243.9663317,1e-07
1721423269.08354,3e-07
1721423294.200642,1e-07
1721423319.317829,0.0
1721423344.4349947,3e-07
1721423369.5521035,4e-07
1721423394.6692638,1e-07
1721423419.7864277,1e-07
1721423444.9036152,2e-07
1721423470.0207362,4e-07
1721423495.1379254,2e-07
1721423520.2550876,1e-07
1721423545.3722467,4e-07
1721423570.4893773,3e-07
1721423595.606544,1e-07
1721423620.723746,3e-07
1721423645.840852,2e-07
1721423670.9579942,2e-07
1721423696.0751505,3e-07
1721423721.1923437,3e-07
1721423746.3098245,2e-07
1721423771.4266381,3e-07
1721423796.5438294,5e-07
1721423821.6609426,1e-07
1721423846.778116,2e-07
1721423871.8952532,2e-07
1721423897.0124154,3e-07
1721423922.1295545,1e-07
1721423947.2467308,4e-07
1721423972.3639207,2e-07
1721423997.4810812,2e-07
1721424022.5982192,1e-07
1721424047.7153533,2e-07
1721424072.832487,1e-07
1721424097.9496386,1e-07
1721424123.0668263,3e-07
1721424148.1839952,4e-07
1721424173.3010964,-1e-07
1721424198.4182863,3e-07
1721424223.535414,4e-07
1721424248.652593,4e-07
1721424273.7697268,2e-07
1721424298.8868647,1e-07
1721424324.0040596,3e-07
1721424349.1215584,1e-07
1721424374.238365,4e-07
1721424399.3555696,3e-07
1721424424.4726877,3e-07
1721424449.5898752,6e-07
1721424474.7069888,2e-07
1721424499.8242445,2e-07
1721424524.9414806,3e-07
1721424550.058785,3e-07
1721424575.1760335,2e-07
1721424600.2932768,2e-07
1721424625.4105518,5e-07
1721424650.5278206,4e-07
1721424675.6450486,2e-07
1721424700.7623062,3e-07
1721424725.8795846,4e-07
1721424750.9967787,3e-07
1721424776.1140084,1e-07
1721424801.2312448,4e-07
1721424826.348618,3e-07
1721424851.4657075,2e-07
1721424876.582952,3e-07
1721424901.700166,2e-07
1721424926.8174138,4e-07
1721424951.9346726,3e-07
1721424977.0519004,5e-07
1721425002.169045,3e-07
1721425027.2862678,3e-07
1721425052.403508,2e-07
1721425077.5206642,2e-07
1721425102.6378915,3e-07
1721425127.7550938,4e-07
1721425152.872274,3e-07
1721425177.989462,1e-07
1721425203.106694,3e-07
1721425228.2239053,3e-07
1721425253.3410754,2e-07
1721425278.4582658,1e-07
1721425303.5754955,4e-07
1721425328.6926627,3e-07
1721425353.8098469,2e-07
1721425378.9270794,2e-07
1721425404.044255,3e-07
1721425429.1614487,4e-07
1721425454.2786226,3e-07
1721425479.3958457,3e-07
1721425504.5129967,3e-07
1721425529.630174,2e-07
1721425554.7473502,4e-07
1721425579.864544,4e-07
1721425604.9817338,1e-07
1721425630.0989022,4e-07
1721425655.2160878,4e-07
1721425680.3332536,1e-07
1721425705.4504652,6e-07
1721425730.5676656,1e-07
1721425755.684835,4e-07
1721425780.8019633,1e-07
1721425805.9191918,3e-07
1721425831.0363624,3e-07
1721425856.1538904,3e-07
1721425881.2707777,5e-07
1721425906.3879855,3e-07
1721425931.505089,3e-07
1721425956.6222467,4e-07
1721425981.7394345,3e-07
1721426006.8566267,2e-07
1721426031.973784,3e-07
1721426057.0909698,2e-07
1721426082.2081308,5e-07
1721426107.325308,1e-07
1721426132.442475,4e-07
1721426157.5596907,1e-07
1721426182.676843,3e-07
1721426207.7940109,4e-07
1721426232.911183,4e-07
1721426258.0283585,4e-07
1721426283.1455495,2e-07
1721426308.2627118,5e-07
1721426333.3799593,3e-07
1721426358.4970772,4e-07
1721426383.6142142,4e-07
1721426408.7314115,4e-07
1721426433.8485854,1e-07
1721426458.96574,3e-07
1721426484.0829353,4e-07
1721426509.2001226,3e-07
1721426534.3172874,3e-07
1721426559.4344747,4e-07
1721426584.5517151,4e-07
1721426609.6688502,4e-07
1721426634.7860684,3e-07
1721426659.9032297,1e-07
1721426685.0204322,4e-07
1721426710.1376112,2e-07
1721426735.25482,5e-07
1721426760.3720481,3e-07
1721426785.489226,4e-07
1721426810.606408,5e-07
1721426835.7236567,2e-07
1721426860.8407428,4e-07
1721426885.9579306,4e-07
1721426911.07511,3e-07
1721426936.1923068,5e-07
1721426961.3094704,4e-07
1721426986.426656,4e-07
1721427011.5438883,4e-07
1721427036.6610262,3e-07
1721427061.7782323,4e-07
1721427086.8957958,5e-07
1721427112.0125737,2e-07
1721427137.1297617,6e-07
1721427162.2469487,3e-07
1721427187.3641086,5e-07
1721427212.481311,4e-07
1721427237.5984719,4e-07
1721427262.715742,2e-07
1721427287.8328686,5e-07
1721427312.9500136,3e-07
1721427338.0671961,3e-07
1721427363.1843662,3e-07
1721427388.301526,5e-07
1721427413.4187005,4e-07
1721427438.5359244,4e-07
1721427463.653053,4e-07
1721427488.77025,3e-07
1721427513.8874283,3e-07
1721427539.0045688,4e-07
1721427564.1217606,4e-07
1721427589.238966,5e-07
1721427614.3561199,4e-07
1721427639.4733043,2e-07
1721427664.5904994,6e-07
1721427689.7076638,4e-07
1721427714.8248537,2e-07
1721427739.9420636,4e-07
1721427765.0592043,4e-07
1721427790.1763628,3e-07
1721427815.293535,5e-07
1721427840.4107156,4e-07
1721427865.527945,7e-07
1721427890.645052,3e-07
1721427915.7622535,3e-07
1721427940.8796208,4e-07
1721427965.9966047,4e-07
1721427991.1137714,1e-07
1721428016.230914,4e-07
1721428041.3484557,4e-07
1721428066.4652898,4e-07
1721428091.5824409,4e-07
1721428116.6996975,6e-07
1721428141.816837,2e-07
1721428166.9339743,4e-07
1721428192.051196,5e-07
1721428217.168389,3e-07
1721428242.2855551,3e-07
1721428267.402674,4e-07
1721428292.5199108,2e-07
1721428317.63702,3e-07
1721428342.7541914,4e-07
1721428367.8714213,6e-07
1721428392.988562,2e-07
1721428418.1056592,4e-07
1721428443.2229,7e-07
1721428468.3400686,4e-07
1721428493.457247,3e-07
1721428518.574438,4e-07
1721428543.6916316,5e-07
1721428568.8087666,1e-07
1721428593.9258356,7e-07
1721428619.0427933,4e-07
1721428644.159785,5e-07
1721428669.276757,1e-07
1721428694.393763,6e-07
1721428719.5107005,5e-07
1721428744.6277673,6e-07
1721428769.7446659,5e-07
1721428794.861693,5e-07
1721428819.9786983,5e-07
1721428845.095758,2e-07
1721428870.2127278,4e-07
1721428895.3297691,7e-07
1721428920.4468267,3e-07
1721428945.5639098,6e-07
1721428970.680897,2e-07
1721428995.797944,5e-07
1721429020.914977,4e-07
1721429046.0320423,2e-07
1721429071.1491191,4e-07
1721429096.266161,1e-07
1721429121.3832653,4e-07
1721429146.5003405,4e-07
1721429171.6174076,4e-07
1721429196.7344875,5e-07
1721429221.8516083,5e-07
1721429246.9686217,4e-07
1721429272.085718,6e-07
1721429297.2027793,4e-07
1721429322.3199072,4e-07
1721429347.4370034,5e-07
1721429372.554045,4e-07
1721429397.6711504,4e-07
1721429422.7882562,5e-07
1721429447.9053402,4e-07
1721429473.022469,5e-07
1721429498.1396613,2e-07
1721429523.2566736,3e-07
1721429548.373777,5e-07
1721429573.490869,4e-07
1721429598.6080844,3e-07
1721429623.725138,6e-07
1721429648.842207,7e-07
1721429673.9593217,6e-07
1721429699.0764115,4e-07
1721429724.1935606,4e-07
1721429749.31065,4e-07
1721429774.4278297,6e-07
1721429799.544891,4e-07
1721429824.6624165,2e-07
1721429849.7791486,6e-07
1721429874.8962286,4e-07
1721429900.013383,6e-07
1721429925.130485,3e-07
1721429950.247649,4e-07
1721429975.3647373,3e-07
1721430000.4818263,7e-07
1721430025.5989923,4e-07
1721430050.716179,3e-07
1721430075.8332636,4e-07
1721430100.9503388,4e-07
1721430126.0675642,6e-07
1721430151.1846097,6e-07
1721430176.3017356,2e-07
1721430201.418887,5e-07
1721430226.536044,6e-07
1721430251.6531286,4e-07
1721430276.7702575,6e-07
1721430301.8874195,6e-07
1721430327.0044923,1e-07
1721430352.121659,3e-07
1721430377.2387571,3e-07
1721430402.3559434,6e-07
1721430427.4730232,2e-07
1721430452.5901496,6e-07
1721430477.7073011,6e-07
1721430502.8244648,5e-07
1721430527.9415922,5e-07
1721430553.0587416,5e-07
1721430578.175837,4e-07
1721430603.292952,5e-07
1721430628.4100966,5e-07
1721430653.5273805,2e-07
1721430678.6446962,6e-07
1721430703.761978,4e-07
1721430728.8792796,6e-07
1721430753.9965427,2e-07
1721430779.1141584,3e-07
1721430804.2311063,3e-07
1721430829.3483696,4e-07
1721430854.4656186,4e-07
1721430879.5828743,4e-07
1721430904.7001514,5e-07
1721430929.8174083,6e-07
1721430954.934633,6e-07
1721430980.0519388,4e-07
1721431005.169104,4e-07
1721431030.2863235,4e-07
1721431055.4036217,6e-07
1721431080.5207613,5e-07
1721431105.6379924,5e-07
1721431130.7552166,6e-07
1721431155.872426,3e-07
1721431180.9896538,6e-07
1721431206.1068635,1e-07
1721431231.2240233,4e-07
1721431256.3412404,3e-07
1721431281.4584455,3e-07
1721431306.5757108,6e-07
1721431331.692835,4e-07
1721431356.8100572,5e-07
1721431381.9272616,2e-07
1721431407.0444112,4e-07
1721431432.161667,3e-07
1721431457.2788389,5e-07
1721431482.3960917,3e-07
1721431507.5131826,5e-07
1721431532.6303606,5e-07
1721431557.7475917,2e-07
1721431582.864724,3e-07
1721431607.9819198,6e-07
1721431633.099071,2e-07
1721431658.2162557,3e-07
1721431683.3337886,4e-07
1721431708.450595,5e-07
1721431733.5678368,1e-07
1721431758.684942,4e-07
1721431783.8021388,3e-07
1721431808.9193056,4e-07
1721431834.036471,2e-07
1721431859.1536303,4e-07
1721431884.2708101,2e-07
1721431909.3880467,4e-07
1721431934.505195,4e-07
1721431959.6223123,4e-07
1721431984.7395513,4e-07
1721432009.8566785,5e-07
1721432034.973836,1e-07
1721432060.0909915,2e-07
1721432085.2081525,3e-07
1721432110.3253555,3e-07
1721432135.4424798,1e-07
1721432160.559714,6e-07
1721432185.6768236,3e-07
1721432210.7939756,5e-07
1721432235.9111428,5e-07
1721432261.0282826,4e-07
1721432286.14548,2e-07
1721432311.2626252,5e-07
1721432336.3798447,1e-07
1721432361.497036,2e-07
1721432386.6141512,6e-07
1721432411.731298,3e-07
1721432436.8484306,4e-07
1721432461.9656,4e-07
1721432487.0827246,1e-07
1721432512.1999414,3e-07
1721432537.3170636,4e-07
1721432562.4342628,5e-07
1721432587.5513773,4e-07
1721432612.6685126,2e-07
1721432637.7856731,4e-07
1721432662.902837,4e-07
1721432688.0200076,4e-07
1721432713.1371136,3e-07
1721432738.2541919,3e-07
1721432763.3713012,4e-07
1721432788.4884024,4e-07
1721432813.6055286,4e-07
1721432838.7227025,2e-07
1721432863.8398705,5e-07
1721432888.9569008,3e-07
1721432914.0743442,4e-07
1721432939.191108,1e-07
1721432964.308247,3e-07
1721432989.425353,3e-07
1721433014.542508,0.0
1721433039.6596622,3e-07
1721433064.7767487,6e-07
1721433089.8938367,2e-07
1721433115.0109613,2e-07
1721433140.1281288,6e-07
1721433165.245216,4e-07
1721433190.3623793,2e-07
1721433215.479552,2e-07
1721433240.5966287,3e-07
1721433265.7137702,3e-07
1721433290.8309486,0.0
1721433315.9481015,4e-07
1721433341.0651696,3e-07
1721433366.1823087,4e-07
1721433391.299483,1e-07
1721433416.4165761,4e-07
1721433441.5337327,1e-07
1721433466.650855,2e-07
1721433491.7680345,4e-07
1721433516.8855429,3e-07
1721433542.0022888,4e-07
1721433567.119428,1e-07
1721433592.2365835,5e-07
1721433617.35373,0.0
1721433642.470863,1e-07
1721433667.5880256,6e-07
1721433692.7051246,2e-07
1721433717.8222623,3e-07
1721433742.9395168,3e-07
1721433768.056581,3e-07
1721433793.1737587,0.0
1721433818.2908404,5e-07
1721433843.4080455,1e-07
1721433868.525116,4e-07
1721433893.6422675,4e-07
1721433918.7594109,4e-07
1721433943.8766005,2e-07
1721433968.9937332,1e-07
1721433994.110844,1e-07
1721434019.228033,4e-07
1721434044.3451614,3e-07
1721434069.4622798,2e-07
1721434094.579424,4e-07
1721434119.697005,2e-07
1721434144.8137596,3e-07
1721434169.9308739,1e-07
1721434195.048037,3e-07
1721434220.1652434,3e-07
1721434245.2823682,3e-07
1721434270.3995261,4e-07
1721434295.5166185,0.0
1721434320.6337323,1e-07
1721434345.7509089,5e-07
1721434370.8680584,3e-07
1721434395.985191,1e-07
1721434421.102358,3e-07
1721434446.2195382,5e-07
1721434471.3366258,1e-07
1721434496.453784,1e-07
1721434521.5709202,4e-07
1721434546.6880734,2e-07
1721434571.8052197,2e-07
1721434596.9223695,3e-07
1721434622.039424,3e-07
1721434647.1566715,2e-07
1721434672.2738237,3e-07
1721434697.391021,0.0
1721434722.508489,2e-07
1721434747.625442,2e-07
1721434772.7427254,1e-07
1721434797.8600726,0.0
1721434822.977377,2e-07
1721434848.0946758,1e-07
1721434873.212011,2e-07
1721434898.3292997,2e-07
1721434923.4465826,2e-07
1721434948.563897,3e-07
1721434973.68111,1e-07
1721434998.798421,3e-07
1721435023.9157338,3e-07
1721435049.0329518,4e-07
1721435074.1502092,3e-07
1721435099.267416,2e-07
1721435124.3847542,2e-07
1721435149.5019634,2e-07
1721435174.6192408,4e-07
1721435199.7364209,4e-07
1721435224.8536701,1e-07
1721435249.9708755,1e-07
1721435275.0881371,3e-07
1721435300.2054052,0.0
1721435325.3229513,2e-07
1721435350.4398625,2e-07
1721435375.5570178,1e-07
1721435400.67423,2e-07
1721435425.791522,3e-07
1721435450.908667,3e-07
1721435476.025882,3e-07
1721435501.1430824,2e-07
1721435526.2602892,1e-07
1721435551.3774977,1e-07
1721435576.4947152,3e-07
1721435601.611952,2e-07
1721435626.7291563,1e-07
1721435651.8463058,1e-07
1721435676.9635217,4e-07
1721435702.0807266,3e-07
1721435727.1979115,0.0
1721435752.3150551,1e-07
1721435777.4322758,4e-07
1721435802.5494595,0.0
1721435827.6666672,1e-07
1721435852.7838914,1e-07
1721435877.9010186,1e-07
1721435903.0182247,2e-07
1721435928.1357896,1e-07
1721435953.252593,-1e-07
1721435978.3697767,3e-07
1721436003.4869573,1e-07
1721436028.604155,2e-07
1721436053.7213323,2e-07
1721436078.838568,0.0
1721436103.9557824,1e-07
1721436129.0728784,-0.0
1721436154.190034,3e-07
1721436179.3072028,3e-07
1721436204.4244077,1e-07
1721436229.5415776,2e-07
1721436254.658772,2e-07
1721436279.7759955,-0.0
1721436304.893108,3e-07
1721436330.0102832,4e-07
1721436355.1275165,-0.0
1721436380.244672,0.0
1721436405.3618264,3e-07
1721436430.4790497,0.0
1721436455.5961604,1e-07
1721436480.7133431,2e-07
1721436505.8305564,1e-07
1721436530.9481044,1e-07
1721436556.064944,2e-07
1721436581.1820745,0.0
1721436606.299235,1e-07
1721436631.416392,1e-07
1721436656.5335484,2e-07
1721436681.6507473,1e-07
1721436706.7679694,-0.0
1721436731.885107,3e-07
1721436757.002272,1e-07
1721436782.1194398,3e-07
1721436807.2365627,2e-07
1721436832.3536625,-1e-07
1721436857.470808,1e-07
1721436882.5879824,1e-07
1721436907.7050886,2e-07
1721436932.8222072,3e-07
1721436957.9393196,1e-07
1721436983.0565152,1e-07
1721437008.173668,0.0
1721437033.2907624,2e-07
1721437058.4079497,2e-07
1721437083.5250375,1e-07
1721437108.642163,3e-07
1721437133.7596915,-1e-07
1721437158.8764753,3e-07
1721437183.9936028,1e-07
1721437209.1107807,0.0
1721437234.2279227,1e-07
1721437259.3450258,2e-07
1721437284.4622245,2e-07
1721437309.5793333,3e-07
1721437334.696508,-0.0
1721437359.813668,0.0
1721437384.9308069,3e-07
1721437410.0480027,0.0
1721437435.1651754,2e-07
1721437460.2823231,0.0
1721437485.399498,3e-07
1721437510.516565,1e-07
1721437535.633741,-1e-07
1721437560.7508886,3e-07
1721437585.8680477,0.0
1721437610.9851916,2e-07
1721437636.102351,1e-07
1721437661.219531,-1e-07
1721437686.336683,1e-07
1721437711.4538076,2e-07
1721437736.5709567,-1e-07
1721437761.6881304,3e-07
1721437786.8053162,0.0
1721437811.9224586,2e-07
1721437837.0396683,2e-07
1721437862.1567695,1e-07
1721437887.2739255,0.0
1721437912.3911428,0.0
1721437937.5082982,0.0
1721437962.6253855,1e-07
1721437987.7425609,1e-07
1721438012.8597457,1e-07
1721438037.9768867,-0.0
1721438063.0940592,2e-07
1721438088.2111988,3e-07
1721438113.3283563,-2e-07
1721438138.4455163,2e-07
1721438163.5626957,0.0
1721438188.6798737,1e-07
1721438213.7969995,1e-07
1721438238.914178,-0.0
1721438264.0313494,-0.0
1721438289.1484907,3e-07
1721438314.2656682,0.0
1721438339.3828156,-0.0
1721438364.5000567,0.0
1721438389.6171424,1e-07
1721438414.7343404,0.0
1721438439.8514373,1e-07
1721438464.968631,-0.0
1721438490.0857959,3e-07
1721438515.2029202,1e-07
1721438540.3200896,1e-07
1721438565.4372413,-1e-07
1721438590.5544262,1e-07
1721438615.6716485,0.0
1721438640.788771,-0.0
1721438665.9059021,-1e-07
1721438691.0230584,1e-07
1721438716.1402268,3e-07
1721438741.2573721,-1e-07
1721438766.3745646,4e-07
1721438791.4917662,2e-07
1721438816.608905,1e-07
1721438841.726133,-2e-07
1721438866.8434033,3e-07
1721438891.9606433,0.0
1721438917.0778542,-1e-07
1721438942.1951044,1e-07
1721438967.3123379,1e-07
1721438992.4295743,-1e-07
1721439017.5468667,0.0
1721439042.6640697,0.0
1721439067.7817085,3e-07
1721439092.898534,1e-07
1721439118.0158007,0.0
1721439143.132957,1e-07
1721439168.2501905,0.0
1721439193.3674302,0.0
1721439218.48466,0.0
1721439243.6018531,0.0
1721439268.7190495,1e-07
1721439293.8363173,2e-07
1721439318.9535346,0.0
1721439344.0706718,1e-07
1721439369.1879618,1e-07
1721439394.3050811,1e-07
1721439419.4222515,-1e-07
1721439444.5395539,1e-07
1721439469.6566865,1e-07
1721439494.7738802,1e-07
1721439519.8911176,-0.0
1721439545.0083039,0.0
1721439570.1254456,1e-07
1721439595.242699,0.0
1721439620.3599253,-0.0
1721439645.477055,0.0
1721439670.5942452,1e-07
1721439695.7114944,0.0
1721439720.8286343,1e-07
1721439745.945856,1e-07
1721439771.0630355,-1e-07
1721439796.1802616,0.0
1721439821.2973897,2e-07
1721439846.4146073,3e-07
1721439871.5318384,-0.0
1721439896.6489367,-0.0
1721439921.7661495,0.0
1721439946.883323,1e-07
1721439972.0005076,1e-07
1721439997.1176648,1e-07
1721440022.2348964,-0.0
1721440047.3520286,2e-07
1721440072.469207,1e-07
1721440097.586431,0.0
1721440122.7036192,-3e-07
1721440147.8207593,4e-07
1721440172.9379447,0.0
1721440198.0551565,-0.0
1721440223.1723244,1e-07
1721440248.2895477,-0.0
1721440273.4066794,-0.0
1721440298.5238926,2e-07
1721440323.6410627,-0.0
1721440348.7582107,0.0
1721440373.875387,2e-07
1721440398.9925787,-2e-07
1721440424.109746,1e-07
1721440449.226949,0.0
1721440474.3441064,1e-07
1721440499.4612489,2e-07
1721440524.5784647,0.0
1721440549.695672,1e-07
1721440574.8128011,-1e-07
1721440599.9299822,1e-07
1721440625.0471547,1e-07
1721440650.1643326,-0.0
1721440675.2815397,-1e-07
1721440700.398776,0.0
1721440725.515972,0.0
1721440750.6330383,-1e-07
1721440775.750228,1e-07
1721440800.8673778,1e-07
1721440825.9845884,3e-07
1721440851.1017404,-1e-07
1721440876.218951,0.0
1721440901.3360872,0.0
1721440926.4532614,3e-07
1721440951.570392,-0.0
1721440976.687578,1e-07
1721441001.8047132,1e-07
1721441026.9218633,-2e-07
1721441052.039062,0.0
1721441077.1562147,0.0
1721441102.2733593,1e-07
1721441127.390584,0.0
1721441152.5077755,1e-07
1721441177.624863,-1e-07
1721441202.742399,1e-07
1721441227.859193,0.0
1721441252.9763145,-1e-07
1721441278.0935438,0.0
1721441303.2106748,1e-07
1721441328.327887,1e-07
1721441353.4450004,-1e-07
1721441378.5621712,3e-07
1721441403.6793504,-2e-07
1721441428.796512,2e-07
1721441453.9136765,1e-07
1721441479.0308442,1e-07
1721441504.148001,-1e-07
1721441529.265183,3e-07
1721441554.3823388,-1e-07
1721441579.4995463,1e-07
1721441604.6167226,1e-07
1721441629.7338748,-1e-07
1721441654.8510334,2e-07
1721441679.968197,-0.0
1721441705.085351,1e-07
1721441730.202543,0.0
1721441755.319759,-1e-07
1721441780.4369152,0.0
1721441805.5540648,1e-07
1721441830.6712437,-0.0
1721441855.788368,-2e-07
1721441880.9055457,2e-07
1721441906.0227141,1e-07
1721441931.1399252,-2e-07
1721441956.257069,1e-07
1721441981.374219,-2e-07
1721442006.4914029,-1e-07
1721442031.608546,1e-07
1721442056.725777,1e-07
1721442081.8433414,-0.0
1721442106.9600823,-0.0
1721442132.0772471,-1e-07
1721442157.1944156,-1e-07
1721442182.3116593,3e-07
1721442207.4287596,-1e-07
1721442232.5459526,0.0
1721442257.663099,1e-07
1721442282.780281,-1e-07
1721442307.897457,1e-07
1721442333.0146453,0.0
1721442358.131829,1e-07
1721442383.2489927,0.0
1721442408.3661473,-0.0
1721442433.4833186,1e-07
1721442458.600494,0.0
1721442483.7176776,2e-07
1721442508.8348627,1e-07
1721442533.952033,0.0
1721442559.0692294,-0.0
1721442584.1863246,1e-07
1721442609.3035808,1e-07
1721442634.4206736,-1e-07
1721442659.5378432,0.0
1721442684.6550078,1e-07
1721442709.7721999,0.0
1721442734.8893657,1e-07
1721442760.00655,0.0
1721442785.1237714,1e-07
1721442810.240858,1e-07
1721442835.358072,2e-07
1721442860.47524,1e-07
1721442885.5923934,2e-07
1721442910.709583,0.0
1721442935.8267055,-0.0
1721442960.9438293,-0.0
1721442986.0609648,0.0
1721443011.1780286,1e-07
1721443036.295638,1e-07
1721443061.412224,-2e-07
1721443086.529334,1e-07
1721443111.6464443,-0.0
1721443136.7636704,-1e-07
1721443161.8807182,0.0
1721443186.9977837,1e-07
1721443212.1149423,0.0
1721443237.2320318,1e-07
1721443262.349167,1e-07
1721443287.4663038,1e-07
1721443312.5835063,-0.0
1721443337.7006028,0.0
1721443362.8177433,0.0
1721443387.9348447,-1e-07
1721443413.052039,-0.0
1721443438.169135,-0.0
1721443463.2862897,-2e-07
1721443488.4035227,2e-07
1721443513.520524,-1e-07
1721443538.637659,-2e-07
1721443563.7548215,1e-07
1721443588.8720453,1e-07
1721443613.9890974,-1e-07
1721443639.1062567,-0.0
1721443664.2233908,1e-07
1721443689.3405497,1e-07
1721443714.4576862,-1e-07
1721443739.57484,1e-07
1721443764.6920278,-1e-07
1721443789.8091445,0.0
1721443814.9263394,0.0
1721443840.043426,1e-07
1721443865.1605842,-1e-07
1721443890.2777667,0.0
1721443915.3949301,-1e-07
1721443940.512151,0.0
1721443965.6292405,0.0
1721443990.7463694,1e-07
1721444015.8635752,-0.0
1721444040.9807096,-1e-07
1721444066.0978389,1e-07
1721444091.2150176,1e-07
1721444116.3321671,-1e-07
1721444141.4493294,0.0
1721444166.5664833,1e-07
1721444191.6836536,-1e-07
1721444216.8007808,2e-07
1721444241.9179626,1e-07
1721444267.0356343,-0.0
1721444292.1522849,0.0
1721444317.2693944,-1e-07
1721444342.3866763,0.0
1721444367.503898,0.0
1721444392.6209197,-1e-07
1721444417.7380493,1e-07
1721444442.8552465,3e-07
1721444467.9723835,1e-07
1721444493.089536,2e-07
1721444518.20668,-1e-07
1721444543.323874,-1e-07
1721444568.4410665,0.0
1721444593.5582035,0.0
1721444618.6753469,1e-07
1721444643.7925358,0.0
1721444668.909643,-1e-07
1721444694.0268283,1e-07
1721444719.1440284,0.0
1721444744.2611516,-1e-07
1721444769.378317,3e-07
1721444794.495522,-1e-07
1721444819.6126812,0.0
1721444844.7298408,0.0
1721444869.8473928,-2e-07
1721444894.964137,2e-07
1721444920.0813115,0.0
1721444945.19845,1e-07
1721444970.315733,-1e-07
1721444995.432815,-1e-07
1721445020.550061,2e-07
1721445045.6672556,-0.0
1721445070.7844512,-1e-07
1721445095.9017053,0.0
1721445121.0189595,1e-07
1721445146.1361318,-1e-07
1721445171.2533374,0.0
1721445196.3705287,1e-07
1721445221.4877932,-0.0
1721445246.6049414,-0.0
1721445271.7221293,-0.0
1721445296.8393633,2e-07
1721445321.9565635,-2e-07
1721445347.0737386,0.0
1721445372.1909165,4e-07
1721445397.308093,-2e-07
1721445422.425387,1e-07
1721445447.5425093,-1e-07
1721445472.6600292,1e-07
1721445497.7768698,1e-07
1721445522.8940663,1e-07
1721445548.0112846,-2e-07
1721445573.1284482,2e-07
1721445598.245654,0.0
1721445623.3628383,0.0
1721445648.4800334,-1e-07
1721445673.5971863,-1e-07
1721445698.7143786,-1e-07
1721445723.8316183,-1e-07
1721445748.9487715,3e-07
1721445774.0659842,0.0
1721445799.1831622,-1e-07
1721445824.3003104,-1e-07
1721445849.4175012,-1e-07
1721445874.5346763,3e-07
1721445899.651884,-1e-07
1721445924.7690585,1e-07
1721445949.8862197,-2e-07
1721445975.0034273,0.0
1721446000.1205978,0.0
1721446025.237766,2e-07
1721446050.3549514,0.0
1721446075.4721029,-1e-07
1721446100.58931,1e-07
1721446125.7065163,0.0
1721446150.8237078,-1e-07
1721446175.9408555,-1e-07
1721446201.0580826,1e-07
1721446226.1752439,1e-07
1721446251.2924304,-0.0
1721446276.4095578,-1e-07
1721446301.5267482,0.0
1721446326.643959,1e-07
1721446351.7610579,-2e-07
1721446376.878244,1e-07
1721446401.9955218,0.0
1721446427.112613,-1e-07
1721446452.229828,0.0
1721446477.3469996,0.0
1721446502.464236,0.0
1721446527.5813627,0.0
1721446552.698504,1e-07
1721446577.8157318,-0.0
1721446602.9328623,-3e-07
1721446628.0500748,0.0
1721446653.1672165,-1e-07
1721446678.2843926,1e-07
1721446703.4016097,-3e-07
1721446728.5187693,-1e-07
1721446753.6359465,-2e-07
1721446778.7531152,0.0
1721446803.8702602,-1e-07
1721446828.987435,3e-07
1721446854.1046226,1e-07
1721446879.2217875,1e-07
1721446904.3389544,-1e-07
1721446929.456182,0.0
1721446954.573336,0.0
1721446979.6905086,0.0
1721447004.8080842,1e-07
1721447029.9248714,-0.0
1721447055.0420606,-0.0
1721447080.159193,1e-07
1721447105.2764084,0.0
1721447130.3935935,0.0
1721447155.510739,1e-07
1721447180.6279485,-3e-07
1721447205.7450502,2e-07
1721447230.8622093,-1e-07
1721447255.9793892,2e-07
1721447281.0966308,-1e-07
1721447306.2137747,-0.0
1721447331.330923,-1e-07
1721447356.448108,1e-07
1721447381.5652664,1e-07
1721447406.6824422,-1e-07
1721447431.799667,0.0
1721447456.9168081,0.0
1721447482.0339985,0.0
1721447507.1511445,0.0
1721447532.2683182,-1e-07
1721447557.3854716,-2e-07
1721447582.5026736,3e-07
1721447607.620218,-1e-07
1721447632.737054,-0.0
1721447657.854231,1e-07
1721447682.9713724,1e-07
1721447708.088544,1e-07
1721447733.2057288,0.0
1721447758.3228936,1e-07
1721447783.4400835,0.0
1721447808.5572402,0.0
1721447833.6744294,0.0
1721447858.7916076,-1e-07
1721447883.9087744,-0.0
1721447909.0259364,0.0
1721447934.143088,-1e-07
1721447959.2603137,0.0
1721447984.3774638,-1e-07
1721448009.4946353,-2e-07
1721448034.6118858,1e-07
1721448059.7289636,-1e-07
1721448084.8462195,-0.0
1721448109.9633908,0.0
1721448135.0805254,2e-07
1721448160.1976929,1e-07
1721448185.3148916,0.0
1721448210.4324136,-1e-07
1721448235.5492404,0.0
1721448260.6663933,-1e-07
1721448285.7836018,-2e-07
1721448310.900764,-0.0
1721448336.0178971,1e-07
1721448361.13506,0.0
1721448386.2522748,1e-07
1721448411.3694196,1e-07
1721448436.4866214,-2e-07
1721448461.603837,1e-07
1721448486.7209697,1e-07
1721448511.8381336,-2e-07
1721448536.9553602,0.0
1721448562.0725317,2e-07
1721448587.1897,-1e-07
1721448612.3068511,1e-07
1721448637.4240036,-1e-07
1721448662.541245,0.0
1721448687.658373,-0.0
1721448712.7756045,-1e-07
1721448737.8927364,2e-07
1721448763.009943,0.0
1721448788.1270852,-1e-07
1721448813.2446377,1e-07
1721448838.3614762,0.0
1721448863.4786851,0.0
1721448888.5958364,-1e-07
1721448913.7129815,1e-07
1721448938.8301303,-1e-07
1721448963.9473197,0.0
1721448989.0645154,0.0
1721449014.1816695,1e-07
1721449039.2989018,0.0
1721449064.4160426,-1e-07
1721449089.5331614,1e-07
1721449114.650287,-1e-07
1721449139.7674172,1e-07
1721449164.8845608,-0.0
1721449190.0016956,-2e-07
1721449215.1188633,0.0
1721449240.2359962,1e-07
1721449265.3531735,-0.0
1721449290.470263,1e-07
1721449315.5874321,0.0
1721449340.704566,-1e-07
1721449365.8216887,1e-07
1721449390.9388301,-1e-07
1721449416.0563464,0.0
1721449441.1730447,0.0
1721449466.2902915,1e-07
1721449491.4075353,-0.0
1721449516.5246332,-1e-07
1721449541.6417482,-1e-07
1721449566.7589357,0.0
1721449591.8760595,2e-07
1721449616.9932032,-1e-07
1721449642.110396,0.0
1721449667.227594,-2e-07
1721449692.3447273,3e-07
1721449717.4618688,0.0
1721449742.579043,0.0
1721449767.6961877,0.0
1721449792.8133218,1e-07
1721449817.9305387,0.0
1721449843.047698,-0.0
1721449868.1648362,-2e-07
1721449893.2819693,1e-07
1721449918.399159,0.0
1721449943.5163755,-0.0
1721449968.633492,1e-07
1721449993.7506871,-1e-07
1721450018.867841,-1e-07
1721450043.9849896,0.0
1721450069.1021447,2e-07
1721450094.2193127,0.0
1721450119.336464,-1e-07
1721450144.4536498,1e-07
1721450169.5708177,-0.0
1721450194.6880202,2e-07
1721450219.80512,-2e-07
1721450244.9223087,-0.0
1721450270.039512,-0.0
1721450295.1566381,2e-07
1721450320.2741654,0.0
1721450345.3909848,2e-07
1721450370.5081244,-1e-07
1721450395.6253135,0.0
1721450420.742532,-0.0
1721450445.8597305,0.0
1721450470.976819,-0.0
1721450496.0939875,0.0
1721450521.2110674,-1e-07
1721450546.328303,1e-07
1721450571.4454815,0.0
1721450596.5626516,1e-07
1721450621.679878,-2e-07
1721450646.7969637,-1e-07
1721450671.9141653,0.0
1721450697.0312896,-1e-07
1721450722.1485012,-0.0
1721450747.26567,0.0
1721450772.382878,2e-07
1721450797.5000129,-1e-07
1721450822.6171854,2e-07
1721450847.7343266,1e-07
1721450872.8515542,1e-07
1721450897.9687407,0.0
1721450923.0862281,-0.0
1721450948.2029836,-1e-07
1721450973.3201447,-1e-07
1721450998.437354,1e-07
1721451023.554516,1e-07
1721451048.6717458,0.0
1721451073.7888644,0.0
1721451098.9060304,1e-07
1721451124.023202,-0.0
1721451149.1403937,0.0
1721451174.2575111,-2e-07
1721451199.3747005,1e-07
1721451224.491921,1e-07
1721451249.6090293,-2e-07
1721451274.726198,1e-07
1721451299.8433533,-2e-07
1721451324.9605374,-1e-07
1721451350.0777295,2e-07
1721451375.1949337,-0.0
1721451400.3120785,-0.0
1721451425.4292111,1e-07
1721451450.5463989,0.0
1721451475.663619,0.0
1721451500.7807276,2e-07
1721451525.8982987,-1e-07
1721451551.0150812,1e-07
1721451576.1322284,-1e-07
1721451601.2494085,-0.0
1721451626.3665853,-1e-07
1721451651.4837778,-0.0
1721451676.6009245,0.0
1721451701.7180934,0.0
1721451726.8352718,0.0
1721451751.9524026,-0.0
1721451777.069622,0.0
1721451802.1867487,-1e-07
1721451827.3040125,-0.0
1721451852.4211645,1e-07
1721451877.5382836,0.0
1721451902.655437,-1e-07
1721451927.7725828,1e-07
1721451952.889771,-0.0
1721451978.006937,1e-07
1721452003.1241024,-0.0
1721452028.241271,-2e-07
1721452053.3584259,2e-07
1721452078.4756317,-3e-07
1721452103.5927637,1e-07
1721452128.710382,-1e-07
1721452153.8270745,0.0
1721452178.9441557,0.0
1721452204.061214,-2e-07
1721452229.1782928,2e-07
1721452254.2953975,0.0
1721452279.4125016,1e-07
1721452304.529622,0.0
1721452329.6467369,0.0
1721452354.7638805,0.0
1721452379.880856,-1e-07
1721452404.99799,1e-07
1721452430.1150963,0.0
1721452455.232216,-0.0
1721452480.349313,1e-07
1721452505.4664614,0.0
1721452530.5835905,-3e-07
1721452555.7006612,1e-07
1721452580.8178055,2e-07
1721452605.9349248,0.0
1721452631.0520513,-0.0
1721452656.1691394,2e-07
1721452681.2862797,-1e-07
1721452706.4034278,1e-07
1721452731.5210001,-0.0
1721452756.6377518,0.0
1721452781.7548237,-3e-07
1721452806.871612,1e-07
1721452831.9890463,-1e-07
1721452857.106216,0.0
1721452882.2233226,-1e-07
1721452907.340479,0.0
1721452932.4576519,-0.0
1721452957.5747335,1e-07
1721452982.6919386,1e-07
1721453007.8090212,0.0
1721453032.9261522,1e-07
1721453058.043299,0.0
1721453083.160458,0.0
1721453108.2775815,-1e-07
1721453133.3947022,1e-07
1721453158.5118973,1e-07
1721453183.6289926,-1e-07
1721453208.7461815,-0.0
1721453233.8633575,0.0
1721453258.9804149,-1e-07
1721453284.0975773,1e-07
1721453309.2147117,-1e-07
1721453334.3322322,1e-07
1721453359.4489996,1e-07
1721453384.5661635,-1e-07
1721453409.6833055,1e-07
1721453434.800427,-1e-07
1721453459.9175782,1e-07
1721453485.0347455,3e-07
1721453510.151908,-1e-07
1721453535.2690449,1e-07
1721453560.3862174,0.0
1721453585.5033624,0.0
1721453610.6204774,1e-07
1721453635.7376363,-1e-07
1721453660.8548193,1e-07
1721453685.971995,-0.0
1721453711.0891533,0.0
1721453736.206224,-2e-07
1721453761.323421,1e-07
1721453786.440534,1e-07
1721453811.5577106,0.0
1721453836.6748745,0.0
1721453861.792001,-0.0
1721453886.909151,0.0
1721453912.026322,0.0
1721453937.1438262,-1e-07
1721453962.2606049,-1e-07
1721453987.3777566,1e-07
1721454012.4949234,0.0
1721454037.6120782,0.0
1721454062.729224,2e-07
1721454087.8463411,1e-07
1721454112.9635565,1e-07
1721454138.0806994,-1e-07
1721454163.1978447,1e-07
1721454188.3150184,0.0
1721454213.4321237,2e-07
1721454238.5492742,-2e-07
1721454263.66642,-1e-07
1721454288.7836225,0.0
1721454313.900773,0.0
1721454339.01789,1e-07
1721454364.1350377,2e-07
1721454389.2521904,-2e-07
1721454414.3693447,1e-07
1721454439.4864771,-1e-07
1721454464.6037064,0.0
1721454489.7208033,2e-07
1721454514.8379407,1e-07
1721454539.9550924,-1e-07
1721454565.0722578,1e-07
1721454590.1894224,-1e-07
1721454615.3066053,1e-07
1721454640.4238021,-2e-07
1721454665.540889,1e-07
1721454690.6580358,0.0
1721454715.775183,-2e-07
1721454740.8923287,1e-07
1721454766.009467,1e-07
1721454791.1266408,-3e-07
1721454816.2438526,-0.0
1721454841.3609731,-0.0
1721454866.478137,-0.0
1721454891.5952816,-1e-07
1721454916.7127707,-1e-07
1721454941.8295925,0.0
1721454966.9467373,2e-07
1721454992.0639098,-1e-07
1721455017.1810634,-0.0
1721455042.298256,0.0
1721455067.4153798,-0.0
1721455092.5325842,1e-07
1721455117.649681,1e-07
1721455142.7668066,-2e-07
1721455167.883965,1e-07
1721455193.0011034,1e-07
1721455218.1183527,0.0
1721455243.2357929,0.0
1721455268.3530543,-2e-07
1721455293.4704127,-0.0
1721455318.587762,-1e-07
1721455343.7051327,0.0
1721455368.8224149,0.0
1721455393.9397466,1e-07
1721455419.0570216,-1e-07
1721455444.1743498,-0.0
1721455469.2917461,0.0
1721455494.409002,1e-07
1721455519.526604,1e-07
1721455544.6436265,0.0
1721455569.7608085,0.0
1721455594.8780751,-1e-07
1721455619.9953156,-1e-07
1721455645.112641,0.0
1721455670.2299013,0.0
1721455695.3471298,-1e-07
1721455720.4644089,-0.0
1721455745.5816224,-1e-07
1721455770.6989245,0.0
1721455795.8161356,-1e-07
1721455820.9333878,1e-07
1721455846.050636,2e-07
1721455871.167923,-1e-07
1721455896.2851133,-1e-07
1721455921.4023511,-0.0
1721455946.5195982,-1e-07
1721455971.6367998,1e-07
1721455996.7540507,1e-07
1721456021.8713243,0.0
1721456046.9884417,-1e-07
1721456072.1056702,1e-07
1721456097.2229004,-1e-07
1721456122.3401618,0.0
1721456147.4573355,3e-07
1721456172.574571,1e-07
1721456197.6918042,-2e-07
1721456222.8089862,1e-07
1721456247.9261954,-1e-07
1721456273.0434012,1e-07
1721456298.1605957,1e-07
1721456323.2778218,2e-07
1721456348.3950317,-1e-07
1721456373.5122283,-0.0
1721456398.629436,-3e-07
1721456423.746658,1e-07
1721456448.863928,0.0
1721456473.981083,1e-07
1721456499.0982447,0.0
1721456524.2154982,0.0
1721456549.3326561,0.0
1721456574.4498675,-1e-07
1721456599.5670567,1e-07
1721456624.6842625,0.0
1721456649.801447,-0.0
1721456674.9186506,1e-07
1721456700.0358653,-1e-07
1721456725.1530185,-1e-07
1721456750.2702065,-1e-07
1721456775.3874183,1e-07
1721456800.5046175,-0.0
1721456825.6218426,0.0
1721456850.7390027,-1e-07
1721456875.8562324,0.0
1721456900.973435,1e-07
1721456926.0906484,1e-07
1721456951.2078443,-1e-07
1721456976.32494,-1e-07
1721457001.4421725,0.0
1721457026.559353,2e-07
1721457051.6765294,-1e-07
1721457076.7937272,1e-07
1721457101.910906,-1e-07
1721457127.0281153,-0.0
1721457152.1452708,-1e-07
1721457177.2624881,-1e-07
1721457202.37974,1e-07
1721457227.496882,1e-07
1721457252.6140702,1e-07
1721457277.731054,1e-07
1721457302.8480258,-1e-07
1721457327.9648817,-1e-07
1721457353.0819042,-1e-07
1721457378.1988356,1e-07
1721457403.3158545,-0.0
1721457428.4327195,1e-07
1721457453.5496814,-2e-07
1721457478.666684,1e-07
1721457503.7837386,-1e-07
1721457528.9007072,1e-07
1721457554.0177162,1e-07
1721457579.134721,1e-07
1721457604.2517917,2e-07
1721457629.36875,2e-07
1721457654.485844,0.0
1721457679.6028647,-1e-07
1721457704.7199595,3e-07
1721457729.8369632,1e-07
1721457754.954051,0.0
1721457780.071093,-0.0
1721457805.188118,-1e-07
1721457830.3052702,0.0
1721457855.422327,3e-07
1721457880.5393713,-1e-07
1721457905.6564338,-1e-07
1721457930.7735295,1e-07
1721457955.8906314,-0.0
1721457981.0077612,1e-07
1721458006.124813,-1e-07
1721458031.2419531,1e-07
1721458056.359018,1e-07
1721458081.476151,-0.0
1721458106.593241,-1e-07
1721458131.710352,4e-07
1721458156.8275669,0.0
1721458181.9445562,1e-07
1721458207.0617025,1e-07
1721458232.1788208,-3e-07
1721458257.2959857,2e-07
1721458282.413114,1e-07
1721458307.530218,1e-07
1721458332.6473498,-0.0
1721458357.764425,1e-07
1721458382.8815813,0.0
1721458407.9986866,2e-07
1721458433.1158776,1e-07
1721458458.2329323,-1e-07
1721458483.3500896,1e-07
1721458508.4672246,-1e-07
1721458533.584345,3e-07
1721458558.7014925,-0.0
1721458583.818976,0.0
1721458608.935797,-0.0
1721458634.0528908,1e-07
1721458659.170024,-1e-07
1721458684.287186,0.0
1721458709.4043088,-1e-07
1721458734.5214586,0.0
1721458759.6386473,1e-07
1721458784.7558396,0.0
1721458809.8728862,1e-07
1721458834.9900026,1e-07
1721458860.107147,1e-07
1721458885.2242692,-1e-07
1721458910.3414567,2e-07
1721458935.4586015,0.0
1721458960.575776,1e-07
1721458985.6928701,2e-07
1721459010.810043,0.0
1721459035.9271703,1e-07
1721459061.0443459,-0.0
1721459086.161484,-0.0
1721459111.2785997,1e-07
1721459136.395828,1e-07
1721459161.5129163,0.0
1721459186.6303957,-0.0
1721459211.747227,1e-07
1721459236.8643796,-2e-07
1721459261.9815526,0.0
1721459287.0986662,3e-07
1721459312.2157884,-3e-07
1721459337.3324986,-1e-07
1721459362.4492874,1e-07
1721459387.5661273,1e-07
1721459412.6829731,1e-07
1721459437.7998626,0.0
1721459462.9166625,1e-07
1721459488.0335338,-0.0
1721459513.1504126,0.0
1721459538.2672892,3e-07
1721459563.384165,1e-07
1721459588.5010812,-2e-07
1721459613.6179934,1e-07
1721459638.7349205,1e-07
1721459663.8519862,1e-07
1721459688.9688196,-1e-07
1721459714.0858014,3e-07
1721459739.2027118,0.0
1721459764.319715,0.0
1721459789.4366322,0.0
1721459814.5535922,2e-07
1721459839.6705847,1e-07
1721459864.7876236,1e-07
1721459889.9045563,-2e-07
1721459915.021554,2e-07
1721459940.138544,3e-07
1721459965.2556005,-2e-07
1721459990.3725822,-0.0
1721460015.4895687,3e-07
1721460040.6066222,0.0
1721460065.7236485,-0.0
1721460090.840627,1e-07
1721460115.9576542,1e-07
1721460141.0747101,2e-07
1721460166.1918173,0.0
1721460191.3087249,1e-07
1721460216.4257786,2e-07
1721460241.5428321,2e-07
1721460266.6599114,1e-07
1721460291.7769327,2e-07
1721460316.8939407,1e-07
1721460342.0110297,-0.0
1721460367.1280491,1e-07
1721460392.245129,1e-07
1721460417.3621702,-1e-07
1721460442.479211,4e-07
1721460467.596273,2e-07
1721460492.7133377,1e-07
1721460517.8304234,0.0
1721460542.9475236,2e-07
1721460568.064576,0.0
1721460593.1816714,1e-07
1721460618.2986987,1e-07
1721460643.41583,2e-07
1721460668.5328233,1e-07
1721460693.649892,0.0
1721460718.7669573,1e-07
1721460743.8840516,1e-07
1721460769.0010912,1e-07
1721460794.1182032,0.0
1721460819.235262,1e-07
1721460844.3523536,3e-07
1721460869.4693968,-1e-07
1721460894.58649,2e-07
1721460919.7036142,3e-07
1721460944.8206732,0.0
1721460969.9377546,0.0
1721460995.0548062,3e-07
1721461020.1719215,1e-07
1721461045.2890012,1e-07
1721461070.4061103,-1e-07
1721461095.5231943,2e-07
1721461120.6402547,0.0
1721461145.7573397,3e-07
1721461170.8743882,1e-07
1721461195.991525,2e-07
1721461221.1085818,3e-07
1721461246.2256565,2e-07
1721461271.3427072,-1e-07
1721461296.4599757,0.0
1721461321.5769453,0.0
1721461346.693998,1e-07
1721461371.8110642,1e-07
1721461396.9281914,0.0
1721461422.0452569,1e-07
1721461447.1623292,2e-07
1721461472.2794206,1e-07
1721461497.3965414,3e-07
1721461522.5136075,-1e-07
1721461547.6307435,1e-07
1721461572.747851,1e-07
1721461597.8648853,0.0
1721461622.9819822,2e-07
1721461648.0990376,0.0
1721461673.2161543,0.0
1721461698.3332388,1e-07
1721461723.4503229,3e-07
1721461748.5674043,-1e-07
1721461773.684553,1e-07
1721461798.8015714,3e-07
1721461823.9187038,0.0
1721461849.0358067,2e-07
1721461874.152878,2e-07
1721461899.2699473,2e-07
1721461924.3870482,3e-07
1721461949.5041256,-2e-07
1721461974.621262,3e-07
1721461999.7383559,1e-07
1721462024.8554235,3e-07
1721462049.9724994,1e-07
1721462075.0895848,1e-07
1721462100.2066774,5e-07
1721462125.3238215,0.0
1721462150.4408624,-1e-07
1721462175.5579638,0.0
1721462200.675061,0.0
1721462225.792118,3e-07
1721462250.90957,2e-07
1721462276.0263202,3e-07
1721462301.143403,1e-07
1721462326.260484,1e-07
1721462351.3775783,4e-07
1721462376.4946704,1e-07
1721462401.6118226,2e-07
1721462426.728892,1e-07
1721462451.845988,3e-07
1721462476.963028,4e-07
1721462502.0801375,1e-07
1721462527.1972506,0.0
1721462552.3143175,4e-07
1721462577.431378,1e-07
1721462602.5485017,3e-07
1721462627.6655946,2e-07
1721462652.7826846,-0.0
1721462677.8998258,2e-07
1721462703.0168476,-1e-07
1721462728.1339555,1e-07
1721462753.2510262,1e-07
1721462778.3681436,3e-07
1721462803.4852195,1e-07
1721462828.602326,2e-07
1721462853.7194974,2e-07
1721462878.8365302,1e-07
1721462903.9536114,3e-07
1721462929.0707257,1e-07
1721462954.1878018,1e-07
1721462979.3048644,-1e-07
1721463004.4219568,3e-07
1721463029.5390403,1e-07
1721463054.6561594,1e-07
1721463079.7732642,0.0
1721463104.89033,1e-07
1721463130.0073946,1e-07
1721463155.124495,3e-07
1721463180.2415895,-1e-07
1721463205.3587267,0.0
1721463230.4758394,3e-07
1721463255.592884,2e-07
1721463280.7099578,1e-07
1721463305.8270802,0.0
1721463330.9442022,3e-07
1721463356.0613022,1e-07
1721463381.1783826,2e-07
1721463406.2954292,2e-07
1721463431.4125133,-3e-07
1721463456.529627,1e-07
1721463481.646727,1e-07
1721463506.7638435,3e-07
1721463531.880889,0.0
1721463556.997984,2e-07
1721463582.1150827,1e-07
1721463607.232182,2e-07
1721463632.3492773,3e-07
1721463657.4663317,1e-07
1721463682.5834267,3e-07
1721463707.700556,3e-07
1721463732.8176389,1e-07
1721463757.9347243,3e-07
1721463783.0519097,3e-07
1721463808.1689234,-0.0
1721463833.286053,2e-07
1721463858.40309,1e-07
1721463883.520171,4e-07
1721463908.6372907,1e-07
1721463933.7544038,1e-07
1721463958.8715107,-0.0
1721463983.9885807,0.0
1721464009.1056275,2e-07
1721464034.2231016,2e-07
1721464059.3399134,2e-07
1721464084.4569397,0.0
1721464109.5740075,1e-07
1721464134.6910915,5e-07
1721464159.808206,3e-07
1721464184.9253073,3e-07
1721464210.0423708,3e-07
1721464235.1595044,3e-07
1721464260.2766006,1e-07
1721464285.3936975,3e-07
1721464310.5107274,2e-07
1721464335.6278672,1e-07
1721464360.7449343,3e-07
1721464385.8620214,2e-07
1721464410.9790828,1e-07
1721464436.0966477,2e-07
1721464461.2150738,1e-07
1721464486.3335028,3e-07
1721464511.451879,1e-07
1721464536.5701225,0.0
1721464561.6883423,3e-07
1721464586.8065212,2e-07
1721464611.9246697,5e-07
1721464637.0427651,1e-07
1721464662.1608703,0.0
1721464687.2788613,1e-07
1721464712.3968966,1e-07
1721464737.5148356,4e-07
1721464762.6327178,1e-07
1721464787.7506363,3e-07
1721464812.8685145,1e-07
1721464837.986319,1e-07
1721464863.1041424,1e-07
1721464888.2219017,2e-07
1721464913.3397632,0.0
1721464938.4574566,0.0
1721464963.5751297,2e-07
1721464988.6928148,1e-07
1721465013.8105006,1e-07
1721465038.9281554,2e-07
1721465064.0457826,2e-07
1721465089.1633801,1e-07
1721465114.2809935,1e-07
1721465139.3986015,0.0
1721465164.5161715,1e-07
1721465189.633724,1e-07
1721465214.7512968,2e-07
1721465239.8687766,1e-07
1721465264.986273,1e-07
1721465290.1038299,2e-07
1721465315.2216797,0.0
1721465340.33879,0.0
1721465365.456278,0.0
1721465390.5737274,1e-07
1721465415.6911817,1e-07
1721465440.8085985,1e-07
1721465465.926066,2e-07
1721465491.043528,1e-07
1721465516.160896,-1e-07
1721465541.278324,4e-07
1721465566.3957646,-1e-07
1721465591.513142,1e-07
1721465616.6305904,0.0
1721465641.7480192,0.0
1721465666.8653643,3e-07
1721465691.9826818,-1e-07
1721465717.100068,4e-07
1721465742.2174315,-1e-07
1721465767.334815,3e-07
1721465792.4521928,2e-07
1721465817.5695236,3e-07
1721465842.6868787,1e-07
1721465867.8042483,1e-07
1721465892.921559,2e-07
1721465918.0392804,0.0
1721465943.156261,3e-07
1721465968.2736075,1e-07
1721465993.390926,3e-07
1721466018.5081804,2e-07
1721466043.625578,1e-07
1721466068.7429273,2e-07
1721466093.8603034,3e-07
1721466118.9775877,1e-07
1721466144.0948782,1e-07
1721466169.2121818,1e-07
1721466194.3295135,0.0
1721466219.4468234,3e-07
1721466244.5641153,3e-07
1721466269.6814315,-0.0
1721466294.7987366,0.0
1721466319.9160364,2e-07
1721466345.033335,2e-07
1721466370.1506703,2e-07
1721466395.2679832,1e-07
1721466420.3852422,1e-07
1721466445.5025432,0.0
1721466470.6198738,2e-07
1721466495.7366495,3e-07
1721466520.8533008,-1e-07
1721466545.970183,3e-07
1721466571.0867527,1e-07
1721466596.203538,3e-07
1721466621.3202615,0.0
1721466646.437024,1e-07
1721466671.5538547,0.0
1721466696.6706412,4e-07
1721466721.7877872,3e-07
1721466746.9043274,-1e-07
1721466772.0212047,2e-07
1721466797.13808,1e-07
1721466822.254965,4e-07
1721466847.372252,-1e-07
1721466872.4888446,3e-07
1721466897.6057673,1e-07
1721466922.7226877,1e-07
1721466947.8397121,3e-07
1721466972.9566345,3e-07
1721466998.0736597,2e-07
1721467023.1906514,3e-07
1721467048.3076372,3e-07
1721467073.4245949,2e-07
1721467098.5415928,1e-07
1721467123.65865,3e-07
1721467148.7757108,0.0
1721467173.8926804,1e-07
1721467199.009727,0.0
1721467224.1268017,2e-07
1721467249.243888,1e-07
1721467274.3609111,0.0
1721467299.4779713,1e-07
1721467324.5950544,0.0
1721467349.7120838,1e-07
1721467374.829172,2e-07
1721467399.946264,1e-07
1721467425.0633671,-1e-07
1721467450.1804848,1e-07
1721467475.2975762,3e-07
1721467500.414727,2e-07
1721467525.5318196,2e-07
1721467550.6488564,1e-07
1721467575.7659724,1e-07
1721467600.8830843,2e-07
1721467626.0001805,1e-07
1721467651.1173482,0.0
1721467676.2344599,2e-07
1721467701.3516622,0.0
1721467726.4687161,0.0
1721467751.58621,2e-07
1721467776.7029912,2e-07
1721467801.820117,2e-07
1721467826.9372644,3e-07
1721467852.0543854,0.0
1721467877.1715593,4e-07
1721467902.288719,0.0
1721467927.4058626,1e-07
1721467952.5230055,2e-07
1721467977.6400921,1e-07
1721468002.7572343,1e-07
1721468027.8744009,3e-07
1721468052.9915776,1e-07
1721468078.108686,1e-07
1721468103.2258415,2e-07
1721468128.343006,0.0
1721468153.4601476,1e-07
1721468178.577282,1e-07
1721468203.694464,3e-07
1721468228.8116663,2e-07
1721468253.9287903,0.0
1721468279.0459476,2e-07
1721468304.1631112,2e-07
1721468329.2802467,-1e-07
1721468354.3978255,1e-07
1721468379.5146072,3e-07
1721468404.631813,2e-07
1721468429.7488923,1e-07
1721468454.8660557,1e-07
1721468479.98325,3e-07
1721468505.100387,1e-07
1721468530.2175572,2e-07
1721468555.3347845,-0.0
1721468580.4520674,3e-07
1721468605.5691993,0.0
1721468630.6863844,1e-07
1721468655.8036528,2e-07
1721468680.920807,0.0
1721468706.037977,3e-07
1721468731.155194,-0.0
1721468756.2723758,3e-07
1721468781.389612,0.0
1721468806.5067947,2e-07
1721468831.624054,1e-07
1721468856.7412102,3e-07
1721468881.8583796,-1e-07
1721468906.975602,0.0
1721468932.0927496,2e-07
1721468957.2103288,2e-07
1721468982.3271294,1e-07
1721469007.4442992,1e-07
1721469032.5614944,1e-07
1721469057.6787019,2e-07
1721469082.7959151,1e-07
1721469107.9130688,1e-07
1721469133.0302532,2e-07
1721469158.1475008,0.0
1721469183.2646253,1e-07
1721469208.381801,4e-07
1721469233.4990208,2e-07
1721469258.6162198,0.0
1721469283.733409,1e-07
1721469308.850593,1e-07
1721469333.967769,1e-07
1721469359.0849237,1e-07
1721469384.2021136,3e-07
1721469409.3192837,-0.0
1721469434.4364965,0.0
1721469459.5536518,3e-07
1721469484.670852,2e-07
1721469509.7880065,2e-07
1721469534.905222,3e-07
1721469560.022756,0.0
1721469585.1395924,1e-07
1721469610.256746,1e-07
1721469635.3739166,2e-07
1721469660.4911094,0.0
1721469685.6082993,3e-07
1721469710.7254786,1e-07
1721469735.8427072,-0.0
1721469760.9598732,-1e-07
1721469786.077002,4e-07
1721469811.1941967,1e-07
1721469836.311379,3e-07
1721469861.4285626,2e-07
1721469886.5457268,1e-07
1721469911.6629057,4e-07
1721469936.780137,0.0
1721469961.8972735,1e-07
1721469987.0144691,0.0
1721470012.131692,0.0
1721470037.2488234,3e-07
1721470062.3659842,1e-07
1721470087.4831824,1e-07
1721470112.6003537,0.0
1721470137.7175183,2e-07
1721470162.8350754,-1e-07
1721470187.951951,3e-07
1721470213.069115,2e-07
1721470238.1862786,1e-07
1721470263.3034322,2e-07
1721470288.4205968,2e-07
1721470313.5377815,1e-07
1721470338.6549735,2e-07
1721470363.7721539,3e-07
1721470388.8893309,0.0
1721470414.0064785,1e-07
1721470439.1237266,3e-07
1721470464.2408504,1e-07
1721470489.358065,0.0
1721470514.4751542,3e-07
1721470539.5924006,1e-07
1721470564.7095625,5e-07
1721470589.8267536,1e-07
1721470614.9439716,2e-07
1721470640.0611422,-1e-07
1721470665.1782825,1e-07
1721470690.2955415,2e-07
1721470715.4125943,0.0
1721470740.529738,1e-07
1721470765.646924,2e-07
1721470790.7640815,1e-07
1721470815.8812666,1e-07
1721470840.9984457,0.0
1721470866.1156523,3e-07
1721470891.2327569,1e-07
1721470916.3499525,3e-07
1721470941.4671488,3e-07
1721470966.5842743,1e-07
1721470991.7014558,1e-07
1721471016.8186216,1e-07
1721471041.9358382,-1e-07
1721471067.0529928,2e-07
1721471092.1702275,2e-07
1721471117.2873847,3e-07
1721471142.4045603,1e-07
1721471167.5216985,0.0
1721471192.6388607,4e-07
1721471217.756017,-1e-07
1721471242.873194,1e-07
1721471267.9903667,4e-07
1721471293.1076005,0.0
1721471318.2247314,0.0
1721471343.3418963,1e-07
1721471368.4590898,0.0
1721471393.5762544,3e-07
1721471418.693446,1e-07
1721471443.810595,2e-07
1721471468.9278016,1e-07
1721471494.0449588,0.0
1721471519.1621156,1e-07
1721471544.2793014,1e-07
1721471569.3965042,1e-07
1721471594.5136702,1e-07
1721471619.6308188,1e-07
1721471644.7480252,-1e-07
1721471669.8651752,3e-07
1721471694.9823449,1e-07
1721471720.0999465,0.0
1721471745.2167158,-0.0
1721471770.3338885,3e-07
1721471795.451062,2e-07
1721471820.5682254,1e-07
1721471845.6853979,1e-07
1721471870.8025808,1e-07
1721471895.9198225,-0.0
1721471921.0369422,1e-07
1721471946.1541297,0.0
1721471971.2713146,2e-07
1721471996.388486,2e-07
1721472021.505679,3e-07
1721472046.6228628,0.0
1721472071.740036,-0.0
1721472096.857171,3e-07
1721472121.974352,1e-07
1721472147.0915964,1e-07
1721472172.2087197,0.0
1721472197.3258812,-1e-07
1721472222.4430962,0.0
1721472247.5602217,3e-07
1721472272.6774204,6e-07
1721472297.7945764,1e-07
1721472322.9117396,1e-07
1721472348.0289364,3e-07
1721472373.1460865,1e-07
1721472398.2632394,1e-07
1721472423.380389,-1e-07
1721472448.4975579,2e-07
1721472473.614759,3e-07
1721472498.731983,1e-07
1721472523.8490372,1e-07
1721472548.9661965,1e-07
1721472574.0833602,1e-07
1721472599.2005327,3e-07
1721472624.317667,0.0
1721472649.434707,1e-07
1721472674.5517988,1e-07
1721472699.6687913,1e-07
1721472724.7858655,3e-07
1721472749.9029233,4e-07
1721472775.020006,2e-07
1721472800.137047,1e-07
1721472825.2541351,-0.0
1721472850.3712075,2e-07
1721472875.4882934,0.0
1721472900.6053896,1e-07
1721472925.7224884,1e-07
1721472950.8395565,-1e-07
1721472975.9566267,1e-07
1721473001.0736985,2e-07
1721473026.190829,2e-07
1721473051.3079507,1e-07
1721473076.4250317,4e-07
1721473101.5421028,1e-07
1721473126.659242,1e-07
1721473151.7763238,3e-07
1721473176.8934221,1e-07
1721473202.01057,2e-07
1721473227.1280184,1e-07
1721473252.2447584,4e-07
1721473277.3618705,1e-07
1721473302.479025,-1e-07
1721473327.5961292,1e-07
1721473352.7132823,1e-07
1721473377.8303688,0.0
1721473402.9474757,1e-07
1721473428.0645702,2e-07
1721473453.1817284,-0.0
1721473478.2988243,2e-07
1721473503.41602,0.0
1721473528.5330865,-0.0
1721473553.6501963,4e-07
1721473578.7673507,0.0
1721473603.8844488,1e-07
1721473629.0015762,2e-07
1721473654.1187003,2e-07
1721473679.2359178,1e-07
1721473704.3529575,1e-07
1721473729.470129,-0.0
1721473754.5872605,2e-07
1721473779.7043936,0.0
1721473804.8214908,3e-07
1721473829.938972,2e-07
1721473855.055816,0.0
1721473880.1729016,0.0
1721473905.2899933,1e-07
1721473930.4071393,1e-07
1721473955.5242565,1e-07
1721473980.641417,2e-07
1721474005.7585704,3e-07
1721474030.8757346,2e-07
1721474055.992816,-1e-07
1721474081.1099818,2e-07
1721474106.2271197,2e-07
1721474131.3442106,-1e-07
1721474156.461427,2e-07
1721474181.5785477,2e-07
1721474206.6956925,1e-07
1721474231.81277,1e-07
1721474256.9299123,1e-07
1721474282.0470662,0.0
1721474307.1642168,0.0
1721474332.281327,1e-07
1721474357.398476,1e-07
1721474382.5156555,1e-07
1721474407.6327267,1e-07
1721474432.7499354,0.0
1721474457.8670208,1e-07
1721474482.9841719,3e-07
1721474508.1012912,1e-07
1721474533.2184622,3e-07
1721474558.335665,0.0
1721474583.452778,1e-07
1721474608.569901,1e-07
1721474633.6870308,0.0
1721474658.8041654,2e-07
1721474683.921254,1e-07
1721474709.0383513,2e-07
1721474734.1554973,2e-07
1721474759.2725039,1e-07
1721474784.3897507,0.0
1721474809.506748,0.0
1721474834.6238637,2e-07
1721474859.7409225,3e-07
1721474884.8580186,1e-07
1721474909.9751382,0.0
1721474935.0922525,0.0
1721474960.2093632,1e-07
1721474985.3264902,3e-07
1721475010.4436572,1e-07
1721475035.5607193,-0.0
1721475060.6777828,2e-07
1721475085.7949,1e-07
1721475110.9120445,3e-07
1721475136.0291314,2e-07
1721475161.1462336,3e-07
1721475186.263343,1e-07
1721475211.3805017,0.0
1721475236.4976022,1e-07
1721475261.6147032,1e-07
1721475286.7319086,1e-07
1721475311.8489609,0.0
1721475336.9660547,1e-07
1721475362.083172,-1e-07
1721475387.2002804,-1e-07
1721475412.3174448,5e-07
1721475437.4346051,1e-07
1721475462.5517738,1e-07
1721475487.668796,1e-07
1721475512.7859352,0.0
1721475537.9030385,1e-07
1721475563.0201628,4e-07
1721475588.1373005,-2e-07
1721475613.2544181,1e-07
1721475638.3716235,1e-07
1721475663.4887125,0.0
1721475688.605798,1e-07
1721475713.722941,-0.0
1721475738.840051,-1e-07
1721475763.957193,1e-07
1721475789.0743518,0.0
1721475814.191518,2e-07
1721475839.3086133,1e-07
1721475864.4257834,1e-07
1721475889.54285,2e-07
1721475914.6599894,-1e-07
1721475939.7770636,-1e-07
1721475964.894232,2e-07
1721475990.0113523,2e-07
1721476015.1285012,0.0
1721476040.2456229,2e-07
1721476065.3627415,1e-07
1721476090.479975,0.0
1721476115.5970142,1e-07
1721476140.7141578,3e-07
1721476165.831267,-2e-07
1721476190.9484,1e-07
1721476216.0655234,1e-07
1721476241.1826706,0.0
1721476266.2998688,2e-07
1721476291.4169996,0.0
1721476316.5340462,2e-07
1721476341.6511889,1e-07
1721476366.768308,2e-07
1721476391.8854725,2e-07
1721476417.002597,-0.0
1721476442.1197631,1e-07
1721476467.236836,-1e-07
1721476492.3539855,2e-07
1721476517.471117,2e-07
1721476542.5882413,-0.0
1721476567.7053897,-0.0
1721476592.8224916,4e-07
1721476617.9397175,0.0
1721476643.056775,0.0
1721476668.173921,1e-07
1721476693.2910643,1e-07
1721476718.4082606,1e-07
1721476743.5253036,1e-07
1721476768.6424494,3e-07
1721476793.7596908,1e-07
1721476818.876718,3e-07
1721476843.9938347,0.0
1721476869.1109445,-1e-07
1721476894.2281027,1e-07
1721476919.345211,-1e-07
1721476944.4624646,2e-07
1721476969.579551,0.0
1721476994.6966195,2e-07
1721477019.8137898,3e-07
1721477044.9309072,-1e-07
1721477070.0480313,1e-07
1721477095.1652195,1e-07
1721477120.2823262,-1e-07
1721477145.3995428,1e-07
1721477170.516567,2e-07
1721477195.6336887,1e-07
1721477220.7511706,2e-07
1721477245.868021,-0.0
1721477270.9851136,3e-07
1721477296.102246,0.0
1721477321.219355,3e-07
1721477346.336477,-1e-07
1721477371.453637,2e-07
1721477396.5707464,1e-07
1721477421.6879382,1e-07
1721477446.8050485,0.0
1721477471.922165,2e-07
1721477497.03927,1e-07
1721477522.156465,1e-07
1721477547.2735636,-1e-07
1721477572.390694,3e-07
1721477597.5078423,-1e-07
1721477622.6249728,0.0
1721477647.7420993,3e-07
1721477672.8592288,0.0
1721477697.9763522,2e-07
1721477723.0934882,-1e-07
1721477748.2107038,-0.0
1721477773.3281097,1e-07
1721477798.4455078,1e-07
1721477823.5628943,-1e-07
1721477848.680274,1e-07
1721477873.7976882,2e-07
1721477898.9150517,2e-07
1721477924.0324008,-0.0
1721477949.1497838,-0.0
1721477974.2671099,1e-07
1721477999.3844256,2e-07
1721478024.5017393,1e-07
1721478049.619044,3e-07
1721478074.736353,2e-07
1721478099.8536706,0.0
1721478124.9715242,-0.0
1721478150.088269,2e-07
1721478175.2055418,2e-07
1721478200.3228002,-1e-07
1721478225.4401205,0.0
1721478250.5573611,1e-07
1721478275.674637,3e-07
1721478300.7919428,0.0
1721478325.9091744,-0.0
1721478351.0264127,2e-07
1721478376.1437378,1e-07
1721478401.2609675,0.0
1721478426.3783906,1e-07
1721478451.495391,1e-07
1721478476.6126285,1e-07
1721478501.729881,0.0
1721478526.8471045,1e-07
1721478551.964315,-1e-07
1721478577.0815437,1e-07
1721478602.1987817,-0.0
1721478627.3160367,0.0
1721478652.4332204,1e-07
1721478677.5504158,1e-07
1721478702.6676927,-1e-07
1721478727.7848785,0.0
1721478752.902069,2e-07
1721478778.0192971,-2e-07
1721478803.1365035,1e-07
1721478828.2537801,0.0
1721478853.3709133,0.0
1721478878.4881153,-0.0
1721478903.6052983,-2e-07
1721478928.7225065,2e-07
1721478953.8397696,0.0
1721478978.956899,2e-07
1721479004.0741029,-0.0
1721479029.1917865,0.0
1721479054.3084996,-0.0
1721479079.4256914,-1e-07
1721479104.5429127,3e-07
1721479129.660077,1e-07
1721479154.777259,-2e-07
1721479179.8944566,1e-07
1721479205.011768,0.0
1721479230.128883,3e-07
1721479255.2460883,0.0
1721479280.3632078,1e-07
1721479305.4803963,1e-07
1721479330.5976245,-0.0
1721479355.714794,0.0
1721479380.8319838,-2e-07
1721479405.949163,-0.0
1721479431.066361,0.0
1721479456.183579,1e-07
1721479481.3007154,1e-07
1721479506.4179797,1e-07
1721479531.5351033,-0.0
1721479556.6522696,0.0
1721479581.769465,-0.0
1721479606.886633,0.0
1721479632.0038798,1e-07
1721479657.121058,0.0
1721479682.2381647,-3e-07
1721479707.3553905,-0.0
1721479732.4725506,0.0
1721479757.589712,1e-07
1721479782.7069132,0.0
1721479807.824046,0.0
1721479832.9411228,0.0
1721479858.058211,1e-07
1721479883.1752942,-2e-07
1721479908.292447,0.0
1721479933.4095597,0.0
1721479958.5266323,1e-07
1721479983.6438239,-1e-07
1721480008.7608511,-1e-07
1721480033.8779893,-1e-07
1721480058.9951396,-1e-07
1721480084.1123085,0.0
1721480109.229394,0.0
1721480134.3465016,0.0
1721480159.4636836,0.0
1721480184.5807638,1e-07
1721480209.6978967,-1e-07
1721480234.8150167,2e-07
1721480259.9321618,2e-07
1721480285.0492942,1e-07
1721480310.166429,-1e-07
1721480335.2836409,-0.0
1721480360.4006946,1e-07
1721480385.517879,3e-07
1721480410.6350055,1e-07
1721480435.7521272,1e-07
1721480460.869268,-1e-07
1721480485.986508,1e-07
1721480511.1036937,0.0
1721480536.2211287,1e-07
1721480561.3378696,-1e-07
1721480586.4550653,2e-07
1721480611.5721798,1e-07
1721480636.689368,0.0
1721480661.8065012,1e-07
1721480686.9236917,1e-07
1721480712.0408046,1e-07
1721480737.157971,2e-07
1721480762.2751179,-1e-07
1721480787.3922694,1e-07
1721480812.5094488,0.0
1721480837.6265957,1e-07
1721480862.7438145,0.0
1721480887.860926,0.0
1721480912.978109,-0.0
1721480938.0952556,1e-07
1721480963.2123923,2e-07
1721480988.3295236,-1e-07
1721481013.4466891,1e-07
1721481038.5639505,2e-07
1721481063.6810298,2e-07
1721481088.7981846,2e-07
1721481113.9153442,-1e-07
1721481139.0329187,2e-07
1721481164.1496737,-1e-07
1721481189.2668529,-0.0
1721481214.384063,1e-07
1721481239.5011694,1e-07
1721481264.6183162,1e-07
1721481289.735529,1e-07
1721481314.85267,2e-07
1721481339.9698324,1e-07
1721481365.0870404,0.0
1721481390.20414,-1e-07
1721481415.3213043,2e-07
1721481440.4385228,-0.0
1721481465.555704,0.0
1721481490.6728125,-3e-07
1721481515.7899697,2e-07
1721481540.9071422,2e-07
1721481566.0243099,-0.0
1721481591.1414602,-0.0
1721481616.2586272,1e-07
1721481641.3758466,0.0
1721481666.4929643,1e-07
1721481691.610124,2e-07
1721481716.7272887,-0.0
1721481741.8444986,2e-07
1721481766.961677,-0.0
1721481792.07884,2e-07
1721481817.1959982,1e-07
1721481842.3131592,-0.0
1721481867.4303055,1e-07
1721481892.5475209,1e-07
1721481917.6646256,2e-07
1721481942.7817833,-1e-07
1721481967.898994,0.0
1721481993.0161211,1e-07
1721482018.1332831,3e-07
1721482043.2504494,1e-07
1721482068.3676608,1e-07
1721482093.4851756,0.0
1721482118.6019597,-1e-07
1721482143.7191534,2e-07
1721482168.8363285,2e-07
1721482193.9534848,2e-07
1721482219.0706644,1e-07
1721482244.1878495,4e-07
1721482269.3049576,1e-07
1721482294.4221246,1e-07
1721482319.5392888,3e-07
1721482344.656475,2e-07
1721482369.7736316,-2e-07
1721482394.8907962,-1e-07
1721482420.0080097,2e-07
1721482445.125131,2e-07
1721482470.2422974,3e-07
1721482495.3594866,1e-07
1721482520.4766302,4e-07
1721482545.593795,0.0
1721482570.7109675,3e-07
1721482595.8281364,3e-07
1721482620.9453576,0.0
1721482646.0624418,1e-07
1721482671.1796565,4e-07
1721482696.2967844,1e-07
1721482721.4139717,-0.0
1721482746.5311453,1e-07
1721482771.64831,3e-07
1721482796.7654572,3e-07
1721482821.8826275,2e-07
1721482846.9998393,2e-07
1721482872.1169598,3e-07
1721482897.2341552,0.0
1721482922.3513136,0.0
1721482947.4684658,3e-07
1721482972.5856378,0.0
1721482997.7028027,1e-07
1721483022.8200665,2e-07
1721483047.9371443,1e-07
1721483073.054283,3e-07
1721483098.1714942,3e-07
1721483123.2886117,4e-07
1721483148.4058828,1e-07
1721483173.5229633,3e-07
1721483198.640133,2e-07
1721483223.757298,2e-07
1721483248.8744426,4e-07
1721483273.9916685,1e-07
1721483299.1088066,3e-07
1721483324.2259479,1e-07
1721483349.3431332,2e-07
1721483374.460299,3e-07
1721483399.5774543,3e-07
1721483424.694645,1e-07
1721483449.8118944,1e-07
1721483474.9290044,5e-07
1721483500.0461118,1e-07
1721483525.163277,4e-07
1721483550.2804728,3e-07
1721483575.3976538,0.0
1721483600.5147877,2e-07
1721483625.6323514,4e-07
1721483650.7491372,2e-07
1721483675.8663018,2e-07
1721483700.9834893,1e-07
1721483726.1006334,4e-07
1721483751.2177837,3e-07
1721483776.334959,2e-07
1721483801.4521203,1e-07
1721483826.5693216,2e-07
1721483851.6864812,0.0
1721483876.803794,2e-07
1721483901.9208322,2e-07
1721483927.037965,2e-07
1721483952.1551316,5e-07
1721483977.272308,-0.0
1721484002.3895495,3e-07
1721484027.5066266,2e-07
1721484052.6238544,3e-07
1721484077.7408862,1e-07
1721484102.8579855,2e-07
1721484127.975085,5e-07
1721484153.0921817,2e-07
1721484178.2092927,0.0
1721484203.3263805,2e-07
1721484228.4440265,2e-07
1721484253.560618,3e-07
1721484278.6777277,2e-07
1721484303.7948549,2e-07
1721484328.9120276,3e-07
1721484354.029049,1e-07
1721484379.1461854,3e-07
1721484404.2633164,2e-07
1721484429.380424,3e-07
1721484454.497552,1e-07
1721484479.6146927,3e-07
1721484504.7318416,2e-07
1721484529.8489313,3e-07
1721484554.9660552,2e-07
1721484580.0831869,1e-07
1721484605.2003188,3e-07
1721484630.3174562,1e-07
1721484655.4345884,2e-07
1721484680.551788,2e-07
1721484705.6689055,2e-07
1721484730.7860308,4e-07
1721484755.9032202,0.0
1721484781.020504,3e-07
1721484806.1374242,2e-07
1721484831.2549093,3e-07
1721484856.3717504,1e-07
1721484881.4888625,2e-07
1721484906.6059911,1e-07
1721484931.723145,5e-07
1721484956.8402677,1e-07
1721484981.9574144,3e-07
1721485007.074561,3e-07
1721485032.1917534,3e-07
1721485057.3088624,3e-07
1721485082.4260604,-1e-07
1721485107.54314,3e-07
1721485132.660343,3e-07
1721485157.7775142,3e-07
1721485182.8946054,2e-07
1721485208.0117939,3e-07
1721485233.1288967,1e-07
1721485258.2460454,3e-07
1721485283.3632147,3e-07
1721485308.480366,0.0
1721485333.5975013,2e-07
1721485358.7146356,2e-07
1721485383.8318212,1e-07
1721485408.9489295,0.0
1721485434.0661047,3e-07
1721485459.1832569,0.0
1721485484.3003986,4e-07
1721485509.4175425,1e-07
1721485534.5346959,2e-07
1721485559.651927,4e-07
1721485584.769046,3e-07
1721485609.886174,1e-07
1721485635.003305,2e-07
1721485660.1204655,3e-07
1721485685.2376044,2e-07
1721485710.3547766,2e-07
1721485735.4719718,3e-07
1721485760.5894356,1e-07
1721485785.706215,1e-07
1721485810.823406,3e-07
1721485835.9405286,3e-07
1721485861.0577664,2e-07
1721485886.1748323,3e-07
1721485911.2920291,2e-07
1721485936.4091587,3e-07
1721485961.5263143,3e-07
1721485986.6435668,3e-07
1721486011.7606328,4e-07
1721486036.8777647,1e-07
1721486061.9949048,1e-07
1721486087.112051,1e-07
1721486112.2290494,3e-07
1721486137.3458488,2e-07
1721486162.4627566,2e-07
1721486187.5795784,1e-07
1721486212.6964045,2e-07
1721486237.8132527,2e-07
1721486262.930139,4e-07
1721486288.0470304,1e-07
1721486313.1640055,4e-07
1721486338.2808497,1e-07
1721486363.3977995,3e-07
1721486388.5147564,3e-07
1721486413.6317608,-0.0
1721486438.7486453,4e-07
1721486463.86558,1e-07
1721486488.98253,1e-07
1721486514.0995553,2e-07
1721486539.2164788,4e-07
1721486564.33348,-0.0
1721486589.4504588,4e-07
1721486614.5675282,1e-07
1721486639.684466,2e-07
1721486664.8018332,2e-07
1721486689.9184916,1e-07
1721486715.0355873,2e-07
1721486740.1525617,3e-07
1721486765.26958,2e-07
1721486790.3867075,3e-07
1721486815.5037258,0.0
1721486840.6207366,5e-07
1721486865.7377284,3e-07
1721486890.8547726,1e-07
1721486915.9718544,2e-07
1721486941.0890002,2e-07
1721486966.205929,4e-07
1721486991.322994,4e-07
1721487016.4400396,2e-07
1721487041.5571246,4e-07
1721487066.6741812,2e-07
1721487091.791266,3e-07
1721487116.9083164,2e-07
1721487142.0254323,0.0
1721487167.1424718,4e-07
1721487192.2595985,1e-07
1721487217.376631,1e-07
1721487242.4937758,2e-07
1721487267.6108468,1e-07
1721487292.7279403,2e-07
1721487317.8449757,3e-07
1721487342.9620612,4e-07
1721487368.0791483,2e-07
1721487393.1962433,0.0
1721487418.313323,1e-07
1721487443.4304242,2e-07
1721487468.5475914,1e-07
1721487493.6646094,2e-07
1721487518.7817035,1e-07
1721487543.8988028,4e-07
1721487569.0160005,3e-07
1721487594.1330097,3e-07
1721487619.2501242,3e-07
1721487644.3671882,1e-07
1721487669.4843175,2e-07
1721487694.601451,3e-07
1721487719.7184882,2e-07
1721487744.8356745,4e-07
1721487769.952734,0.0
1721487795.0698068,1e-07
1721487820.1869276,3e-07
1721487845.304047,3e-07
1721487870.4211478,4e-07
1721487895.538648,1e-07
1721487920.6553376,4e-07
1721487945.7724428,4e-07
1721487970.889584,3e-07
1721487996.0066662,3e-07
1721488021.1237442,1e-07
1721488046.2409024,0.0
1721488071.3580542,6e-07
1721488096.4751337,2e-07
1721488121.5922735,2e-07
1721488146.7093353,3e-07
1721488171.8267822,3e-07
1721488196.9441977,1e-07
1721488222.0616338,3e-07
1721488247.1790438,2e-07
1721488272.2964334,2e-07
1721488297.4138281,1e-07
1721488322.531208,3e-07
1721488347.6485758,5e-07
1721488372.7659223,3e-07
1721488397.8832524,1e-07
1721488423.000586,3e-07
1721488448.117912,4e-07
1721488473.2352138,4e-07
1721488498.3526154,3e-07
1721488523.4699197,3e-07
1721488548.5871503,1e-07
1721488573.7044284,1e-07
1721488598.8216977,4e-07
1721488623.9389946,3e-07
1721488649.0562546,1e-07
1721488674.1735332,2e-07
1721488699.2908044,3e-07
1721488724.408061,3e-07
1721488749.5253055,1e-07
1721488774.6425354,3e-07
1721488799.7598336,3e-07
1721488824.8770337,3e-07
1721488849.9942462,1e-07
1721488875.1115167,1e-07
1721488900.2286909,4e-07
1721488925.3459573,1e-07
1721488950.463201,4e-07
1721488975.5803468,2e-07
1721489000.6975837,3e-07
1721489025.8147922,3e-07
1721489050.9320014,4e-07
1721489076.0491903,1e-07
1721489101.1662557,3e-07
1721489126.2840652,3e-07
1721489151.4008071,2e-07
1721489176.5179965,2e-07
1721489201.6352234,3e-07
1721489226.7524145,5e-07
1721489251.8695726,1e-07
1721489276.9867733,2e-07
1721489302.1039975,2e-07
1721489327.2211378,3e-07
1721489352.3383622,3e-07
1721489377.4556656,3e-07
1721489402.572722,0.0
1721489427.6898506,4e-07
1721489452.8070292,4e-07
1721489477.924235,0.0
1721489503.0413802,3e-07
1721489528.1585672,4e-07
1721489553.275785,2e-07
1721489578.392906,3e-07
1721489603.5100856,3e-07
1721489628.6272585,3e-07
1721489653.744424,3e-07
1721489678.8616,1e-07
1721489703.978745,1e-07
1721489729.0959573,1e-07
1721489754.2131243,3e-07
1721489779.3303006,6e-07
1721489804.447538,2e-07
1721489829.5645952,3e-07
1721489854.6817503,-0.0
1721489879.7989159,3e-07
1721489904.9160807,4e-07
1721489930.0332415,3e-07
1721489955.1504116,1e-07
1721489980.2676184,2e-07
1721490005.3851252,4e-07
1721490030.5019097,3e-07
1721490055.6190646,1e-07
1721490080.7362401,3e-07
1721490105.8533926,3e-07
1721490130.9705577,2e-07
1721490156.0877614,2e-07
1721490181.204799,3e-07
1721490206.3221548,4e-07
1721490231.439531,4e-07
1721490256.5567915,1e-07
1721490281.674117,4e-07
1721490306.7915008,3e-07
1721490331.9087803,3e-07
1721490357.0260606,1e-07
1721490382.1433897,2e-07
1721490407.2606738,3e-07
1721490432.3780537,2e-07
1721490457.4953053,1e-07
1721490482.6125526,1e-07
1721490507.729828,4e-07
1721490532.847112,1e-07
1721490557.964371,4e-07
1721490583.081669,3e-07
1721490608.1992762,3e-07
1721490633.3161972,1e-07
1721490658.4334426,3e-07
1721490683.5506766,4e-07
1721490708.6679626,2e-07
1721490733.7851722,4e-07
1721490758.9024148,2e-07
1721490784.0196998,1e-07
1721490809.136891,3e-07
1721490834.2541323,2e-07
1721490859.371355,2e-07
1721490884.4886005,1e-07
1721490909.605831,2e-07
1721490934.723047,2e-07
1721490959.840271,1e-07
1721490984.9575121,3e-07
1721491010.0747223,2e-07
1721491035.1920176,3e-07
1721491060.3092039,4e-07
1721491085.4263706,3e-07
1721491110.5436409,2e-07
1721491135.6608138,3e-07
1721491160.7780056,3e-07
1721491185.8952153,2e-07
1721491211.0124245,2e-07
1721491236.1296456,4e-07
1721491261.2468536,1e-07
1721491286.364062,-0.0
1721491311.4812617,3e-07
1721491336.5984755,1e-07
1721491361.7157063,3e-07
1721491386.8328633,1e-07
1721491411.9500873,3e-07
1721491437.0672686,3e-07
1721491462.1844885,2e-07
1721491487.3017,1e-07
1721491512.418966,3e-07
1721491537.5360603,1e-07
1721491562.6532748,2e-07
1721491587.7704675,3e-07
1721491612.887708,2e-07
1721491638.004871,3e-07
1721491663.122046,1e-07
1721491688.2392616,3e-07
1721491713.356436,2e-07
1721491738.4736392,3e-07
1721491763.5908225,1e-07
1721491788.7080429,2e-07
1721491813.8252275,3e-07
1721491838.942436,0.0
1721491864.059697,1e-07
1721491889.1771767,4e-07
1721491914.294038,3e-07
1721491939.4111898,0.0
1721491964.5283797,3e-07
1721491989.6455586,2e-07
1721492014.762761,3e-07
1721492039.879971,4e-07
1721492064.9971192,2e-07
1721492090.1143253,2e-07
1721492115.2315643,0.0
1721492140.3487,1e-07
1721492165.4658966,2e-07
1721492190.5830724,2e-07
1721492215.7002466,1e-07
1721492240.817455,1e-07
1721492265.934662,2e-07
1721492291.051891,1e-07
1721492316.1690662,3e-07
1721492341.2862241,1e-07
1721492366.403392,3e-07
1721492391.520593,1e-07
1721492416.637786,2e-07
1721492441.7549682,2e-07
1721492466.8721714,3e-07
1721492491.989338,3e-07
1721492517.1065376,1e-07
1721492542.223767,2e-07
1721492567.340911,2e-07
1721492592.458198,0.0
1721492617.5752528,1e-07
1721492642.6924896,3e-07
1721492667.8096657,2e-07
1721492692.9268403,2e-07
1721492718.0440774,3e-07
1721492743.1612506,1e-07
1721492768.2784007,2e-07
1721492793.3956306,2e-07
1721492818.5127566,4e-07
1721492843.6299677,2e-07
1721492868.7471457,1e-07
1721492893.8643467,2e-07
1721492918.9815378,2e-07
1721492944.0987117,1e-07
1721492969.2159257,2e-07
1721492994.333097,3e-07
1721493019.4502826,1e-07
1721493044.5675097,3e-07
1721493069.6846452,1e-07
1721493094.8018398,4e-07
1721493119.9190116,1e-07
1721493145.0362568,2e-07
1721493170.1534238,3e-07
1721493195.270599,5e-07
1721493220.3879182,3e-07
1721493245.5049565,2e-07
1721493270.622091,3e-07
1721493295.7387767,3e-07
1721493320.8555915,3e-07
1721493345.9722095,0.0
1721493371.0889592,3e-07
1721493396.2057252,0.0
1721493421.3228536,2e-07
1721493446.439288,2e-07
1721493471.556096,3e-07
1721493496.6729376,2e-07
1721493521.789741,4e-07
1721493546.9066336,1e-07
1721493572.0235927,-0.0
1721493597.1403692,4e-07
